phase,oxide,rel_error,sign,status,n,total_perturbation_rows,ok_rows,qc_failed_cpx,qc_failed_liq_total_high,cpx_total_min,cpx_total_max,cpx_stoich_ratio_min,cpx_stoich_ratio_max,liq_total_min,liq_total_max
cpx,Al2O3_cpx,0.005,minus,calculation_failed,252,159544,134636,242,0,97.660797,100.52916726533796,0.9655907317953965,1.1104546008140586,95.06959688212976,102.19653097676614
cpx,Al2O3_cpx,0.005,minus,ok,1376,159544,134636,242,0,97.660797,100.52916726533796,0.9655907317953965,1.1104546008140586,95.06959688212976,102.19653097676614
cpx,Al2O3_cpx,0.005,plus,calculation_failed,252,159544,134636,242,0,97.660797,100.52916726533796,0.9655907317953965,1.1104546008140586,95.06959688212976,102.19653097676614
cpx,Al2O3_cpx,0.005,plus,ok,1376,159544,134636,242,0,97.660797,100.52916726533796,0.9655907317953965,1.1104546008140586,95.06959688212976,102.19653097676614
cpx,Al2O3_cpx,0.01,minus,calculation_failed,252,159544,134636,242,0,97.660797,100.52916726533796,0.9655907317953965,1.1104546008140586,95.06959688212976,102.19653097676614
cpx,Al2O3_cpx,0.01,minus,ok,1376,159544,134636,242,0,97.660797,100.52916726533796,0.9655907317953965,1.1104546008140586,95.06959688212976,102.19653097676614
cpx,Al2O3_cpx,0.01,plus,calculation_failed,252,159544,134636,242,0,97.660797,100.52916726533796,0.9655907317953965,1.1104546008140586,95.06959688212976,102.19653097676614
cpx,Al2O3_cpx,0.01,plus,ok,1376,159544,134636,242,0,97.660797,100.52916726533796,0.9655907317953965,1.1104546008140586,95.06959688212976,102.19653097676614
cpx,CaO_cpx,0.005,minus,calculation_failed,252,159544,134636,242,0,97.660797,100.52916726533796,0.9655907317953965,1.1104546008140586,95.06959688212976,102.19653097676614
cpx,CaO_cpx,0.005,minus,ok,1376,159544,134636,242,0,97.660797,100.52916726533796,0.9655907317953965,1.1104546008140586,95.06959688212976,102.19653097676614
cpx,CaO_cpx,0.005,plus,calculation_failed,252,159544,134636,242,0,97.660797,100.52916726533796,0.9655907317953965,1.1104546008140586,95.06959688212976,102.19653097676614
cpx,CaO_cpx,0.005,plus,ok,1365,159544,134636,242,0,97.660797,100.52916726533796,0.9655907317953965,1.1104546008140586,95.06959688212976,102.19653097676614
cpx,CaO_cpx,0.005,plus,qc_failed_cpx,11,159544,134636,242,0,97.660797,100.52916726533796,0.9655907317953965,1.1104546008140586,95.06959688212976,102.19653097676614
cpx,CaO_cpx,0.01,minus,calculation_failed,252,159544,134636,242,0,97.660797,100.52916726533796,0.9655907317953965,1.1104546008140586,95.06959688212976,102.19653097676614
cpx,CaO_cpx,0.01,minus,ok,1365,159544,134636,242,0,97.660797,100.52916726533796,0.9655907317953965,1.1104546008140586,95.06959688212976,102.19653097676614
cpx,CaO_cpx,0.01,minus,qc_failed_cpx,11,159544,134636,242,0,97.660797,100.52916726533796,0.9655907317953965,1.1104546008140586,95.06959688212976,102.19653097676614
cpx,CaO_cpx,0.01,plus,calculation_failed,248,159544,134636,242,0,97.660797,100.52916726533796,0.9655907317953965,1.1104546008140586,95.06959688212976,102.19653097676614
cpx,CaO_cpx,0.01,plus,ok,1347,159544,134636,242,0,97.660797,100.52916726533796,0.9655907317953965,1.1104546008140586,95.06959688212976,102.19653097676614
cpx,CaO_cpx,0.01,plus,qc_failed_cpx,33,159544,134636,242,0,97.660797,100.52916726533796,0.9655907317953965,1.1104546008140586,95.06959688212976,102.19653097676614
cpx,Cr2O3_cpx,0.005,minus,calculation_failed,252,159544,134636,242,0,97.660797,100.52916726533796,0.9655907317953965,1.1104546008140586,95.06959688212976,102.19653097676614
cpx,Cr2O3_cpx,0.005,minus,ok,1376,159544,134636,242,0,97.660797,100.52916726533796,0.9655907317953965,1.1104546008140586,95.06959688212976,102.19653097676614
cpx,Cr2O3_cpx,0.005,plus,calculation_failed,252,159544,134636,242,0,97.660797,100.52916726533796,0.9655907317953965,1.1104546008140586,95.06959688212976,102.19653097676614
cpx,Cr2O3_cpx,0.005,plus,ok,1376,159544,134636,242,0,97.660797,100.52916726533796,0.9655907317953965,1.1104546008140586,95.06959688212976,102.19653097676614
cpx,Cr2O3_cpx,0.01,minus,calculation_failed,252,159544,134636,242,0,97.660797,100.52916726533796,0.9655907317953965,1.1104546008140586,95.06959688212976,102.19653097676614
cpx,Cr2O3_cpx,0.01,minus,ok,1376,159544,134636,242,0,97.660797,100.52916726533796,0.9655907317953965,1.1104546008140586,95.06959688212976,102.19653097676614
cpx,Cr2O3_cpx,0.01,plus,calculation_failed,252,159544,134636,242,0,97.660797,100.52916726533796,0.9655907317953965,1.1104546008140586,95.06959688212976,102.19653097676614
cpx,Cr2O3_cpx,0.01,plus,ok,1376,159544,134636,242,0,97.660797,100.52916726533796,0.9655907317953965,1.1104546008140586,95.06959688212976,102.19653097676614
cpx,FeO_cpx,0.005,minus,calculation_failed,252,159544,134636,242,0,97.660797,100.52916726533796,0.9655907317953965,1.1104546008140586,95.06959688212976,102.19653097676614
cpx,FeO_cpx,0.005,minus,ok,1376,159544,134636,242,0,97.660797,100.52916726533796,0.9655907317953965,1.1104546008140586,95.06959688212976,102.19653097676614
cpx,FeO_cpx,0.005,plus,calculation_failed,250,159544,134636,242,0,97.660797,100.52916726533796,0.9655907317953965,1.1104546008140586,95.06959688212976,102.19653097676614
cpx,FeO_cpx,0.005,plus,ok,1367,159544,134636,242,0,97.660797,100.52916726533796,0.9655907317953965,1.1104546008140586,95.06959688212976,102.19653097676614
cpx,FeO_cpx,0.005,plus,qc_failed_cpx,11,159544,134636,242,0,97.660797,100.52916726533796,0.9655907317953965,1.1104546008140586,95.06959688212976,102.19653097676614
cpx,FeO_cpx,0.01,minus,calculation_failed,252,159544,134636,242,0,97.660797,100.52916726533796,0.9655907317953965,1.1104546008140586,95.06959688212976,102.19653097676614
cpx,FeO_cpx,0.01,minus,ok,1376,159544,134636,242,0,97.660797,100.52916726533796,0.9655907317953965,1.1104546008140586,95.06959688212976,102.19653097676614
cpx,FeO_cpx,0.01,plus,calculation_failed,250,159544,134636,242,0,97.660797,100.52916726533796,0.9655907317953965,1.1104546008140586,95.06959688212976,102.19653097676614
cpx,FeO_cpx,0.01,plus,ok,1367,159544,134636,242,0,97.660797,100.52916726533796,0.9655907317953965,1.1104546008140586,95.06959688212976,102.19653097676614
cpx,FeO_cpx,0.01,plus,qc_failed_cpx,11,159544,134636,242,0,97.660797,100.52916726533796,0.9655907317953965,1.1104546008140586,95.06959688212976,102.19653097676614
cpx,K2O_cpx,0.005,minus,calculation_failed,252,159544,134636,242,0,97.660797,100.52916726533796,0.9655907317953965,1.1104546008140586,95.06959688212976,102.19653097676614
cpx,K2O_cpx,0.005,minus,ok,1376,159544,134636,242,0,97.660797,100.52916726533796,0.9655907317953965,1.1104546008140586,95.06959688212976,102.19653097676614
cpx,K2O_cpx,0.005,plus,calculation_failed,252,159544,134636,242,0,97.660797,100.52916726533796,0.9655907317953965,1.1104546008140586,95.06959688212976,102.19653097676614
cpx,K2O_cpx,0.005,plus,ok,1376,159544,134636,242,0,97.660797,100.52916726533796,0.9655907317953965,1.1104546008140586,95.06959688212976,102.19653097676614
cpx,K2O_cpx,0.01,minus,calculation_failed,252,159544,134636,242,0,97.660797,100.52916726533796,0.9655907317953965,1.1104546008140586,95.06959688212976,102.19653097676614
cpx,K2O_cpx,0.01,minus,ok,1376,159544,134636,242,0,97.660797,100.52916726533796,0.9655907317953965,1.1104546008140586,95.06959688212976,102.19653097676614
cpx,K2O_cpx,0.01,plus,calculation_failed,252,159544,134636,242,0,97.660797,100.52916726533796,0.9655907317953965,1.1104546008140586,95.06959688212976,102.19653097676614
cpx,K2O_cpx,0.01,plus,ok,1376,159544,134636,242,0,97.660797,100.52916726533796,0.9655907317953965,1.1104546008140586,95.06959688212976,102.19653097676614
cpx,MgO_cpx,0.005,minus,calculation_failed,252,159544,134636,242,0,97.660797,100.52916726533796,0.9655907317953965,1.1104546008140586,95.06959688212976,102.19653097676614
cpx,MgO_cpx,0.005,minus,ok,1376,159544,134636,242,0,97.660797,100.52916726533796,0.9655907317953965,1.1104546008140586,95.06959688212976,102.19653097676614
cpx,MgO_cpx,0.005,plus,calculation_failed,250,159544,134636,242,0,97.660797,100.52916726533796,0.9655907317953965,1.1104546008140586,95.06959688212976,102.19653097676614
cpx,MgO_cpx,0.005,plus,ok,1367,159544,134636,242,0,97.660797,100.52916726533796,0.9655907317953965,1.1104546008140586,95.06959688212976,102.19653097676614
cpx,MgO_cpx,0.005,plus,qc_failed_cpx,11,159544,134636,242,0,97.660797,100.52916726533796,0.9655907317953965,1.1104546008140586,95.06959688212976,102.19653097676614
cpx,MgO_cpx,0.01,minus,calculation_failed,254,159544,134636,242,0,97.660797,100.52916726533796,0.9655907317953965,1.1104546008140586,95.06959688212976,102.19653097676614
cpx,MgO_cpx,0.01,minus,ok,1374,159544,134636,242,0,97.660797,100.52916726533796,0.9655907317953965,1.1104546008140586,95.06959688212976,102.19653097676614
cpx,MgO_cpx,0.01,plus,calculation_failed,248,159544,134636,242,0,97.660797,100.52916726533796,0.9655907317953965,1.1104546008140586,95.06959688212976,102.19653097676614
cpx,MgO_cpx,0.01,plus,ok,1358,159544,134636,242,0,97.660797,100.52916726533796,0.9655907317953965,1.1104546008140586,95.06959688212976,102.19653097676614
cpx,MgO_cpx,0.01,plus,qc_failed_cpx,22,159544,134636,242,0,97.660797,100.52916726533796,0.9655907317953965,1.1104546008140586,95.06959688212976,102.19653097676614
cpx,MnO_cpx,0.005,minus,calculation_failed,252,159544,134636,242,0,97.660797,100.52916726533796,0.9655907317953965,1.1104546008140586,95.06959688212976,102.19653097676614
cpx,MnO_cpx,0.005,minus,ok,1376,159544,134636,242,0,97.660797,100.52916726533796,0.9655907317953965,1.1104546008140586,95.06959688212976,102.19653097676614
cpx,MnO_cpx,0.005,plus,calculation_failed,252,159544,134636,242,0,97.660797,100.52916726533796,0.9655907317953965,1.1104546008140586,95.06959688212976,102.19653097676614
cpx,MnO_cpx,0.005,plus,ok,1376,159544,134636,242,0,97.660797,100.52916726533796,0.9655907317953965,1.1104546008140586,95.06959688212976,102.19653097676614
cpx,MnO_cpx,0.01,minus,calculation_failed,252,159544,134636,242,0,97.660797,100.52916726533796,0.9655907317953965,1.1104546008140586,95.06959688212976,102.19653097676614
cpx,MnO_cpx,0.01,minus,ok,1376,159544,134636,242,0,97.660797,100.52916726533796,0.9655907317953965,1.1104546008140586,95.06959688212976,102.19653097676614
cpx,MnO_cpx,0.01,plus,calculation_failed,252,159544,134636,242,0,97.660797,100.52916726533796,0.9655907317953965,1.1104546008140586,95.06959688212976,102.19653097676614
cpx,MnO_cpx,0.01,plus,ok,1376,159544,134636,242,0,97.660797,100.52916726533796,0.9655907317953965,1.1104546008140586,95.06959688212976,102.19653097676614
cpx,Na2O_cpx,0.005,minus,calculation_failed,252,159544,134636,242,0,97.660797,100.52916726533796,0.9655907317953965,1.1104546008140586,95.06959688212976,102.19653097676614
cpx,Na2O_cpx,0.005,minus,ok,1376,159544,134636,242,0,97.660797,100.52916726533796,0.9655907317953965,1.1104546008140586,95.06959688212976,102.19653097676614
cpx,Na2O_cpx,0.005,plus,calculation_failed,252,159544,134636,242,0,97.660797,100.52916726533796,0.9655907317953965,1.1104546008140586,95.06959688212976,102.19653097676614
cpx,Na2O_cpx,0.005,plus,ok,1376,159544,134636,242,0,97.660797,100.52916726533796,0.9655907317953965,1.1104546008140586,95.06959688212976,102.19653097676614
cpx,Na2O_cpx,0.01,minus,calculation_failed,252,159544,134636,242,0,97.660797,100.52916726533796,0.9655907317953965,1.1104546008140586,95.06959688212976,102.19653097676614
cpx,Na2O_cpx,0.01,minus,ok,1376,159544,134636,242,0,97.660797,100.52916726533796,0.9655907317953965,1.1104546008140586,95.06959688212976,102.19653097676614
cpx,Na2O_cpx,0.01,plus,calculation_failed,252,159544,134636,242,0,97.660797,100.52916726533796,0.9655907317953965,1.1104546008140586,95.06959688212976,102.19653097676614
cpx,Na2O_cpx,0.01,plus,ok,1376,159544,134636,242,0,97.660797,100.52916726533796,0.9655907317953965,1.1104546008140586,95.06959688212976,102.19653097676614
cpx,NiO_cpx,0.005,minus,calculation_failed,252,159544,134636,242,0,97.660797,100.52916726533796,0.9655907317953965,1.1104546008140586,95.06959688212976,102.19653097676614
cpx,NiO_cpx,0.005,minus,ok,1376,159544,134636,242,0,97.660797,100.52916726533796,0.9655907317953965,1.1104546008140586,95.06959688212976,102.19653097676614
cpx,NiO_cpx,0.005,plus,calculation_failed,252,159544,134636,242,0,97.660797,100.52916726533796,0.9655907317953965,1.1104546008140586,95.06959688212976,102.19653097676614
cpx,NiO_cpx,0.005,plus,ok,1376,159544,134636,242,0,97.660797,100.52916726533796,0.9655907317953965,1.1104546008140586,95.06959688212976,102.19653097676614
cpx,NiO_cpx,0.01,minus,calculation_failed,252,159544,134636,242,0,97.660797,100.52916726533796,0.9655907317953965,1.1104546008140586,95.06959688212976,102.19653097676614
cpx,NiO_cpx,0.01,minus,ok,1376,159544,134636,242,0,97.660797,100.52916726533796,0.9655907317953965,1.1104546008140586,95.06959688212976,102.19653097676614
cpx,NiO_cpx,0.01,plus,calculation_failed,252,159544,134636,242,0,97.660797,100.52916726533796,0.9655907317953965,1.1104546008140586,95.06959688212976,102.19653097676614
cpx,NiO_cpx,0.01,plus,ok,1376,159544,134636,242,0,97.660797,100.52916726533796,0.9655907317953965,1.1104546008140586,95.06959688212976,102.19653097676614
cpx,SiO2_cpx,0.005,minus,calculation_failed,246,159544,134636,242,0,97.660797,100.52916726533796,0.9655907317953965,1.1104546008140586,95.06959688212976,102.19653097676614
cpx,SiO2_cpx,0.005,minus,ok,1338,159544,134636,242,0,97.660797,100.52916726533796,0.9655907317953965,1.1104546008140586,95.06959688212976,102.19653097676614
cpx,SiO2_cpx,0.005,minus,qc_failed_cpx,44,159544,134636,242,0,97.660797,100.52916726533796,0.9655907317953965,1.1104546008140586,95.06959688212976,102.19653097676614
cpx,SiO2_cpx,0.005,plus,calculation_failed,252,159544,134636,242,0,97.660797,100.52916726533796,0.9655907317953965,1.1104546008140586,95.06959688212976,102.19653097676614
cpx,SiO2_cpx,0.005,plus,ok,1376,159544,134636,242,0,97.660797,100.52916726533796,0.9655907317953965,1.1104546008140586,95.06959688212976,102.19653097676614
cpx,SiO2_cpx,0.01,minus,calculation_failed,240,159544,134636,242,0,97.660797,100.52916726533796,0.9655907317953965,1.1104546008140586,95.06959688212976,102.19653097676614
cpx,SiO2_cpx,0.01,minus,ok,1300,159544,134636,242,0,97.660797,100.52916726533796,0.9655907317953965,1.1104546008140586,95.06959688212976,102.19653097676614
cpx,SiO2_cpx,0.01,minus,qc_failed_cpx,88,159544,134636,242,0,97.660797,100.52916726533796,0.9655907317953965,1.1104546008140586,95.06959688212976,102.19653097676614
cpx,SiO2_cpx,0.01,plus,calculation_failed,252,159544,134636,242,0,97.660797,100.52916726533796,0.9655907317953965,1.1104546008140586,95.06959688212976,102.19653097676614
cpx,SiO2_cpx,0.01,plus,ok,1376,159544,134636,242,0,97.660797,100.52916726533796,0.9655907317953965,1.1104546008140586,95.06959688212976,102.19653097676614
cpx,TiO2_cpx,0.005,minus,calculation_failed,252,159544,134636,242,0,97.660797,100.52916726533796,0.9655907317953965,1.1104546008140586,95.06959688212976,102.19653097676614
cpx,TiO2_cpx,0.005,minus,ok,1376,159544,134636,242,0,97.660797,100.52916726533796,0.9655907317953965,1.1104546008140586,95.06959688212976,102.19653097676614
cpx,TiO2_cpx,0.005,plus,calculation_failed,252,159544,134636,242,0,97.660797,100.52916726533796,0.9655907317953965,1.1104546008140586,95.06959688212976,102.19653097676614
cpx,TiO2_cpx,0.005,plus,ok,1376,159544,134636,242,0,97.660797,100.52916726533796,0.9655907317953965,1.1104546008140586,95.06959688212976,102.19653097676614
cpx,TiO2_cpx,0.01,minus,calculation_failed,252,159544,134636,242,0,97.660797,100.52916726533796,0.9655907317953965,1.1104546008140586,95.06959688212976,102.19653097676614
cpx,TiO2_cpx,0.01,minus,ok,1376,159544,134636,242,0,97.660797,100.52916726533796,0.9655907317953965,1.1104546008140586,95.06959688212976,102.19653097676614
cpx,TiO2_cpx,0.01,plus,calculation_failed,252,159544,134636,242,0,97.660797,100.52916726533796,0.9655907317953965,1.1104546008140586,95.06959688212976,102.19653097676614
cpx,TiO2_cpx,0.01,plus,ok,1376,159544,134636,242,0,97.660797,100.52916726533796,0.9655907317953965,1.1104546008140586,95.06959688212976,102.19653097676614
liq,Al2O3_liq,0.01,minus,calculation_failed,252,159544,134636,242,0,97.660797,100.52916726533796,0.9655907317953965,1.1104546008140586,95.06959688212976,102.19653097676614
liq,Al2O3_liq,0.01,minus,ok,1376,159544,134636,242,0,97.660797,100.52916726533796,0.9655907317953965,1.1104546008140586,95.06959688212976,102.19653097676614
liq,Al2O3_liq,0.01,plus,calculation_failed,252,159544,134636,242,0,97.660797,100.52916726533796,0.9655907317953965,1.1104546008140586,95.06959688212976,102.19653097676614
liq,Al2O3_liq,0.01,plus,ok,1376,159544,134636,242,0,97.660797,100.52916726533796,0.9655907317953965,1.1104546008140586,95.06959688212976,102.19653097676614
liq,Al2O3_liq,0.02,minus,calculation_failed,252,159544,134636,242,0,97.660797,100.52916726533796,0.9655907317953965,1.1104546008140586,95.06959688212976,102.19653097676614
liq,Al2O3_liq,0.02,minus,ok,1376,159544,134636,242,0,97.660797,100.52916726533796,0.9655907317953965,1.1104546008140586,95.06959688212976,102.19653097676614
liq,Al2O3_liq,0.02,plus,calculation_failed,252,159544,134636,242,0,97.660797,100.52916726533796,0.9655907317953965,1.1104546008140586,95.06959688212976,102.19653097676614
liq,Al2O3_liq,0.02,plus,ok,1376,159544,134636,242,0,97.660797,100.52916726533796,0.9655907317953965,1.1104546008140586,95.06959688212976,102.19653097676614
liq,Al2O3_liq,0.03,minus,calculation_failed,252,159544,134636,242,0,97.660797,100.52916726533796,0.9655907317953965,1.1104546008140586,95.06959688212976,102.19653097676614
liq,Al2O3_liq,0.03,minus,ok,1376,159544,134636,242,0,97.660797,100.52916726533796,0.9655907317953965,1.1104546008140586,95.06959688212976,102.19653097676614
liq,Al2O3_liq,0.03,plus,calculation_failed,252,159544,134636,242,0,97.660797,100.52916726533796,0.9655907317953965,1.1104546008140586,95.06959688212976,102.19653097676614
liq,Al2O3_liq,0.03,plus,ok,1376,159544,134636,242,0,97.660797,100.52916726533796,0.9655907317953965,1.1104546008140586,95.06959688212976,102.19653097676614
liq,CaO_liq,0.01,minus,calculation_failed,252,159544,134636,242,0,97.660797,100.52916726533796,0.9655907317953965,1.1104546008140586,95.06959688212976,102.19653097676614
liq,CaO_liq,0.01,minus,ok,1376,159544,134636,242,0,97.660797,100.52916726533796,0.9655907317953965,1.1104546008140586,95.06959688212976,102.19653097676614
liq,CaO_liq,0.01,plus,calculation_failed,252,159544,134636,242,0,97.660797,100.52916726533796,0.9655907317953965,1.1104546008140586,95.06959688212976,102.19653097676614
liq,CaO_liq,0.01,plus,ok,1376,159544,134636,242,0,97.660797,100.52916726533796,0.9655907317953965,1.1104546008140586,95.06959688212976,102.19653097676614
liq,CaO_liq,0.02,minus,calculation_failed,252,159544,134636,242,0,97.660797,100.52916726533796,0.9655907317953965,1.1104546008140586,95.06959688212976,102.19653097676614
liq,CaO_liq,0.02,minus,ok,1376,159544,134636,242,0,97.660797,100.52916726533796,0.9655907317953965,1.1104546008140586,95.06959688212976,102.19653097676614
liq,CaO_liq,0.02,plus,calculation_failed,252,159544,134636,242,0,97.660797,100.52916726533796,0.9655907317953965,1.1104546008140586,95.06959688212976,102.19653097676614
liq,CaO_liq,0.02,plus,ok,1376,159544,134636,242,0,97.660797,100.52916726533796,0.9655907317953965,1.1104546008140586,95.06959688212976,102.19653097676614
liq,CaO_liq,0.03,minus,calculation_failed,252,159544,134636,242,0,97.660797,100.52916726533796,0.9655907317953965,1.1104546008140586,95.06959688212976,102.19653097676614
liq,CaO_liq,0.03,minus,ok,1376,159544,134636,242,0,97.660797,100.52916726533796,0.9655907317953965,1.1104546008140586,95.06959688212976,102.19653097676614
liq,CaO_liq,0.03,plus,calculation_failed,252,159544,134636,242,0,97.660797,100.52916726533796,0.9655907317953965,1.1104546008140586,95.06959688212976,102.19653097676614
liq,CaO_liq,0.03,plus,ok,1376,159544,134636,242,0,97.660797,100.52916726533796,0.9655907317953965,1.1104546008140586,95.06959688212976,102.19653097676614
liq,FeO_liq,0.01,minus,calculation_failed,252,159544,134636,242,0,97.660797,100.52916726533796,0.9655907317953965,1.1104546008140586,95.06959688212976,102.19653097676614
liq,FeO_liq,0.01,minus,ok,1376,159544,134636,242,0,97.660797,100.52916726533796,0.9655907317953965,1.1104546008140586,95.06959688212976,102.19653097676614
liq,FeO_liq,0.01,plus,calculation_failed,252,159544,134636,242,0,97.660797,100.52916726533796,0.9655907317953965,1.1104546008140586,95.06959688212976,102.19653097676614
liq,FeO_liq,0.01,plus,ok,1376,159544,134636,242,0,97.660797,100.52916726533796,0.9655907317953965,1.1104546008140586,95.06959688212976,102.19653097676614
liq,FeO_liq,0.02,minus,calculation_failed,252,159544,134636,242,0,97.660797,100.52916726533796,0.9655907317953965,1.1104546008140586,95.06959688212976,102.19653097676614
liq,FeO_liq,0.02,minus,ok,1376,159544,134636,242,0,97.660797,100.52916726533796,0.9655907317953965,1.1104546008140586,95.06959688212976,102.19653097676614
liq,FeO_liq,0.02,plus,calculation_failed,252,159544,134636,242,0,97.660797,100.52916726533796,0.9655907317953965,1.1104546008140586,95.06959688212976,102.19653097676614
liq,FeO_liq,0.02,plus,ok,1376,159544,134636,242,0,97.660797,100.52916726533796,0.9655907317953965,1.1104546008140586,95.06959688212976,102.19653097676614
liq,FeO_liq,0.03,minus,calculation_failed,252,159544,134636,242,0,97.660797,100.52916726533796,0.9655907317953965,1.1104546008140586,95.06959688212976,102.19653097676614
liq,FeO_liq,0.03,minus,ok,1376,159544,134636,242,0,97.660797,100.52916726533796,0.9655907317953965,1.1104546008140586,95.06959688212976,102.19653097676614
liq,FeO_liq,0.03,plus,calculation_failed,252,159544,134636,242,0,97.660797,100.52916726533796,0.9655907317953965,1.1104546008140586,95.06959688212976,102.19653097676614
liq,FeO_liq,0.03,plus,ok,1376,159544,134636,242,0,97.660797,100.52916726533796,0.9655907317953965,1.1104546008140586,95.06959688212976,102.19653097676614
liq,K2O_liq,0.01,minus,calculation_failed,252,159544,134636,242,0,97.660797,100.52916726533796,0.9655907317953965,1.1104546008140586,95.06959688212976,102.19653097676614
liq,K2O_liq,0.01,minus,ok,1376,159544,134636,242,0,97.660797,100.52916726533796,0.9655907317953965,1.1104546008140586,95.06959688212976,102.19653097676614
liq,K2O_liq,0.01,plus,calculation_failed,252,159544,134636,242,0,97.660797,100.52916726533796,0.9655907317953965,1.1104546008140586,95.06959688212976,102.19653097676614
liq,K2O_liq,0.01,plus,ok,1376,159544,134636,242,0,97.660797,100.52916726533796,0.9655907317953965,1.1104546008140586,95.06959688212976,102.19653097676614
liq,K2O_liq,0.02,minus,calculation_failed,252,159544,134636,242,0,97.660797,100.52916726533796,0.9655907317953965,1.1104546008140586,95.06959688212976,102.19653097676614
liq,K2O_liq,0.02,minus,ok,1376,159544,134636,242,0,97.660797,100.52916726533796,0.9655907317953965,1.1104546008140586,95.06959688212976,102.19653097676614
liq,K2O_liq,0.02,plus,calculation_failed,252,159544,134636,242,0,97.660797,100.52916726533796,0.9655907317953965,1.1104546008140586,95.06959688212976,102.19653097676614
liq,K2O_liq,0.02,plus,ok,1376,159544,134636,242,0,97.660797,100.52916726533796,0.9655907317953965,1.1104546008140586,95.06959688212976,102.19653097676614
liq,K2O_liq,0.03,minus,calculation_failed,252,159544,134636,242,0,97.660797,100.52916726533796,0.9655907317953965,1.1104546008140586,95.06959688212976,102.19653097676614
liq,K2O_liq,0.03,minus,ok,1376,159544,134636,242,0,97.660797,100.52916726533796,0.9655907317953965,1.1104546008140586,95.06959688212976,102.19653097676614
liq,K2O_liq,0.03,plus,calculation_failed,252,159544,134636,242,0,97.660797,100.52916726533796,0.9655907317953965,1.1104546008140586,95.06959688212976,102.19653097676614
liq,K2O_liq,0.03,plus,ok,1376,159544,134636,242,0,97.660797,100.52916726533796,0.9655907317953965,1.1104546008140586,95.06959688212976,102.19653097676614
liq,MgO_liq,0.01,minus,calculation_failed,252,159544,134636,242,0,97.660797,100.52916726533796,0.9655907317953965,1.1104546008140586,95.06959688212976,102.19653097676614
liq,MgO_liq,0.01,minus,ok,1376,159544,134636,242,0,97.660797,100.52916726533796,0.9655907317953965,1.1104546008140586,95.06959688212976,102.19653097676614
liq,MgO_liq,0.01,plus,calculation_failed,252,159544,134636,242,0,97.660797,100.52916726533796,0.9655907317953965,1.1104546008140586,95.06959688212976,102.19653097676614
liq,MgO_liq,0.01,plus,ok,1376,159544,134636,242,0,97.660797,100.52916726533796,0.9655907317953965,1.1104546008140586,95.06959688212976,102.19653097676614
liq,MgO_liq,0.02,minus,calculation_failed,252,159544,134636,242,0,97.660797,100.52916726533796,0.9655907317953965,1.1104546008140586,95.06959688212976,102.19653097676614
liq,MgO_liq,0.02,minus,ok,1376,159544,134636,242,0,97.660797,100.52916726533796,0.9655907317953965,1.1104546008140586,95.06959688212976,102.19653097676614
liq,MgO_liq,0.02,plus,calculation_failed,252,159544,134636,242,0,97.660797,100.52916726533796,0.9655907317953965,1.1104546008140586,95.06959688212976,102.19653097676614
liq,MgO_liq,0.02,plus,ok,1376,159544,134636,242,0,97.660797,100.52916726533796,0.9655907317953965,1.1104546008140586,95.06959688212976,102.19653097676614
liq,MgO_liq,0.03,minus,calculation_failed,252,159544,134636,242,0,97.660797,100.52916726533796,0.9655907317953965,1.1104546008140586,95.06959688212976,102.19653097676614
liq,MgO_liq,0.03,minus,ok,1376,159544,134636,242,0,97.660797,100.52916726533796,0.9655907317953965,1.1104546008140586,95.06959688212976,102.19653097676614
liq,MgO_liq,0.03,plus,calculation_failed,252,159544,134636,242,0,97.660797,100.52916726533796,0.9655907317953965,1.1104546008140586,95.06959688212976,102.19653097676614
liq,MgO_liq,0.03,plus,ok,1376,159544,134636,242,0,97.660797,100.52916726533796,0.9655907317953965,1.1104546008140586,95.06959688212976,102.19653097676614
liq,MnO_liq,0.01,minus,calculation_failed,252,159544,134636,242,0,97.660797,100.52916726533796,0.9655907317953965,1.1104546008140586,95.06959688212976,102.19653097676614
liq,MnO_liq,0.01,minus,ok,1376,159544,134636,242,0,97.660797,100.52916726533796,0.9655907317953965,1.1104546008140586,95.06959688212976,102.19653097676614
liq,MnO_liq,0.01,plus,calculation_failed,252,159544,134636,242,0,97.660797,100.52916726533796,0.9655907317953965,1.1104546008140586,95.06959688212976,102.19653097676614
liq,MnO_liq,0.01,plus,ok,1376,159544,134636,242,0,97.660797,100.52916726533796,0.9655907317953965,1.1104546008140586,95.06959688212976,102.19653097676614
liq,MnO_liq,0.02,minus,calculation_failed,252,159544,134636,242,0,97.660797,100.52916726533796,0.9655907317953965,1.1104546008140586,95.06959688212976,102.19653097676614
liq,MnO_liq,0.02,minus,ok,1376,159544,134636,242,0,97.660797,100.52916726533796,0.9655907317953965,1.1104546008140586,95.06959688212976,102.19653097676614
liq,MnO_liq,0.02,plus,calculation_failed,252,159544,134636,242,0,97.660797,100.52916726533796,0.9655907317953965,1.1104546008140586,95.06959688212976,102.19653097676614
liq,MnO_liq,0.02,plus,ok,1376,159544,134636,242,0,97.660797,100.52916726533796,0.9655907317953965,1.1104546008140586,95.06959688212976,102.19653097676614
liq,MnO_liq,0.03,minus,calculation_failed,252,159544,134636,242,0,97.660797,100.52916726533796,0.9655907317953965,1.1104546008140586,95.06959688212976,102.19653097676614
liq,MnO_liq,0.03,minus,ok,1376,159544,134636,242,0,97.660797,100.52916726533796,0.9655907317953965,1.1104546008140586,95.06959688212976,102.19653097676614
liq,MnO_liq,0.03,plus,calculation_failed,252,159544,134636,242,0,97.660797,100.52916726533796,0.9655907317953965,1.1104546008140586,95.06959688212976,102.19653097676614
liq,MnO_liq,0.03,plus,ok,1376,159544,134636,242,0,97.660797,100.52916726533796,0.9655907317953965,1.1104546008140586,95.06959688212976,102.19653097676614
liq,Na2O_liq,0.01,minus,calculation_failed,252,159544,134636,242,0,97.660797,100.52916726533796,0.9655907317953965,1.1104546008140586,95.06959688212976,102.19653097676614
liq,Na2O_liq,0.01,minus,ok,1376,159544,134636,242,0,97.660797,100.52916726533796,0.9655907317953965,1.1104546008140586,95.06959688212976,102.19653097676614
liq,Na2O_liq,0.01,plus,calculation_failed,252,159544,134636,242,0,97.660797,100.52916726533796,0.9655907317953965,1.1104546008140586,95.06959688212976,102.19653097676614
liq,Na2O_liq,0.01,plus,ok,1376,159544,134636,242,0,97.660797,100.52916726533796,0.9655907317953965,1.1104546008140586,95.06959688212976,102.19653097676614
liq,Na2O_liq,0.02,minus,calculation_failed,252,159544,134636,242,0,97.660797,100.52916726533796,0.9655907317953965,1.1104546008140586,95.06959688212976,102.19653097676614
liq,Na2O_liq,0.02,minus,ok,1376,159544,134636,242,0,97.660797,100.52916726533796,0.9655907317953965,1.1104546008140586,95.06959688212976,102.19653097676614
liq,Na2O_liq,0.02,plus,calculation_failed,252,159544,134636,242,0,97.660797,100.52916726533796,0.9655907317953965,1.1104546008140586,95.06959688212976,102.19653097676614
liq,Na2O_liq,0.02,plus,ok,1376,159544,134636,242,0,97.660797,100.52916726533796,0.9655907317953965,1.1104546008140586,95.06959688212976,102.19653097676614
liq,Na2O_liq,0.03,minus,calculation_failed,252,159544,134636,242,0,97.660797,100.52916726533796,0.9655907317953965,1.1104546008140586,95.06959688212976,102.19653097676614
liq,Na2O_liq,0.03,minus,ok,1376,159544,134636,242,0,97.660797,100.52916726533796,0.9655907317953965,1.1104546008140586,95.06959688212976,102.19653097676614
liq,Na2O_liq,0.03,plus,calculation_failed,252,159544,134636,242,0,97.660797,100.52916726533796,0.9655907317953965,1.1104546008140586,95.06959688212976,102.19653097676614
liq,Na2O_liq,0.03,plus,ok,1376,159544,134636,242,0,97.660797,100.52916726533796,0.9655907317953965,1.1104546008140586,95.06959688212976,102.19653097676614
liq,SiO2_liq,0.01,minus,calculation_failed,252,159544,134636,242,0,97.660797,100.52916726533796,0.9655907317953965,1.1104546008140586,95.06959688212976,102.19653097676614
liq,SiO2_liq,0.01,minus,ok,1376,159544,134636,242,0,97.660797,100.52916726533796,0.9655907317953965,1.1104546008140586,95.06959688212976,102.19653097676614
liq,SiO2_liq,0.01,plus,calculation_failed,252,159544,134636,242,0,97.660797,100.52916726533796,0.9655907317953965,1.1104546008140586,95.06959688212976,102.19653097676614
liq,SiO2_liq,0.01,plus,ok,1376,159544,134636,242,0,97.660797,100.52916726533796,0.9655907317953965,1.1104546008140586,95.06959688212976,102.19653097676614
liq,SiO2_liq,0.02,minus,calculation_failed,252,159544,134636,242,0,97.660797,100.52916726533796,0.9655907317953965,1.1104546008140586,95.06959688212976,102.19653097676614
liq,SiO2_liq,0.02,minus,ok,1376,159544,134636,242,0,97.660797,100.52916726533796,0.9655907317953965,1.1104546008140586,95.06959688212976,102.19653097676614
liq,SiO2_liq,0.02,plus,calculation_failed,252,159544,134636,242,0,97.660797,100.52916726533796,0.9655907317953965,1.1104546008140586,95.06959688212976,102.19653097676614
liq,SiO2_liq,0.02,plus,ok,1376,159544,134636,242,0,97.660797,100.52916726533796,0.9655907317953965,1.1104546008140586,95.06959688212976,102.19653097676614
liq,SiO2_liq,0.03,minus,calculation_failed,252,159544,134636,242,0,97.660797,100.52916726533796,0.9655907317953965,1.1104546008140586,95.06959688212976,102.19653097676614
liq,SiO2_liq,0.03,minus,ok,1376,159544,134636,242,0,97.660797,100.52916726533796,0.9655907317953965,1.1104546008140586,95.06959688212976,102.19653097676614
liq,SiO2_liq,0.03,plus,calculation_failed,252,159544,134636,242,0,97.660797,100.52916726533796,0.9655907317953965,1.1104546008140586,95.06959688212976,102.19653097676614
liq,SiO2_liq,0.03,plus,ok,1376,159544,134636,242,0,97.660797,100.52916726533796,0.9655907317953965,1.1104546008140586,95.06959688212976,102.19653097676614
liq,TiO2_liq,0.01,minus,calculation_failed,252,159544,134636,242,0,97.660797,100.52916726533796,0.9655907317953965,1.1104546008140586,95.06959688212976,102.19653097676614
liq,TiO2_liq,0.01,minus,ok,1376,159544,134636,242,0,97.660797,100.52916726533796,0.9655907317953965,1.1104546008140586,95.06959688212976,102.19653097676614
liq,TiO2_liq,0.01,plus,calculation_failed,252,159544,134636,242,0,97.660797,100.52916726533796,0.9655907317953965,1.1104546008140586,95.06959688212976,102.19653097676614
liq,TiO2_liq,0.01,plus,ok,1376,159544,134636,242,0,97.660797,100.52916726533796,0.9655907317953965,1.1104546008140586,95.06959688212976,102.19653097676614
liq,TiO2_liq,0.02,minus,calculation_failed,252,159544,134636,242,0,97.660797,100.52916726533796,0.9655907317953965,1.1104546008140586,95.06959688212976,102.19653097676614
liq,TiO2_liq,0.02,minus,ok,1376,159544,134636,242,0,97.660797,100.52916726533796,0.9655907317953965,1.1104546008140586,95.06959688212976,102.19653097676614
liq,TiO2_liq,0.02,plus,calculation_failed,252,159544,134636,242,0,97.660797,100.52916726533796,0.9655907317953965,1.1104546008140586,95.06959688212976,102.19653097676614
liq,TiO2_liq,0.02,plus,ok,1376,159544,134636,242,0,97.660797,100.52916726533796,0.9655907317953965,1.1104546008140586,95.06959688212976,102.19653097676614
liq,TiO2_liq,0.03,minus,calculation_failed,252,159544,134636,242,0,97.660797,100.52916726533796,0.9655907317953965,1.1104546008140586,95.06959688212976,102.19653097676614
liq,TiO2_liq,0.03,minus,ok,1376,159544,134636,242,0,97.660797,100.52916726533796,0.9655907317953965,1.1104546008140586,95.06959688212976,102.19653097676614
liq,TiO2_liq,0.03,plus,calculation_failed,252,159544,134636,242,0,97.660797,100.52916726533796,0.9655907317953965,1.1104546008140586,95.06959688212976,102.19653097676614
liq,TiO2_liq,0.03,plus,ok,1376,159544,134636,242,0,97.660797,100.52916726533796,0.9655907317953965,1.1104546008140586,95.06959688212976,102.19653097676614
