rank,model,target_type,phase,oxide,median_abs_effect,p95_abs_effect,max_abs_effect,valid_n,qc_failed_n
1,AgL24,P,liq,SiO2_liq,0.059760546834780354,0.15072856444055646,0.2144184986954584,296.0,0.0
2,AgL24,P,cpx,CaO_cpx,0.05246525498311965,0.21810548211294417,0.3866458337835068,292.0,4.0
3,AgL24,P,liq,Na2O_liq,0.0487637687620576,0.09423319297864173,0.1317268930554691,296.0,0.0
4,AgL24,P,cpx,Al2O3_cpx,0.0292735818880802,0.08729161142097312,0.1465764553940838,296.0,0.0
5,AgL24,P,liq,Al2O3_liq,0.02825266084684605,0.07667566824667492,0.1124676060805374,296.0,0.0
6,AgL24,P,liq,K2O_liq,0.02343293213949675,0.06769824200651328,0.0929891413974211,296.0,0.0
7,AgL24,P,cpx,SiO2_cpx,0.0226791680062492,0.0973667799438702,0.2718403321489973,288.0,8.0
8,AgL24,P,liq,CaO_liq,0.01866036480467985,0.08175846472566425,0.1233218095993047,296.0,0.0
9,AgL24,P,cpx,Na2O_cpx,0.01323462609074515,0.050114410497382994,0.1159711781024182,296.0,0.0
10,AgL24,P,cpx,MgO_cpx,0.01202315129575335,0.108922951868826,0.2249744678700036,294.0,2.0
11,AgL24,P,liq,MnO_liq,0.00935130960679805,0.0318922648045274,0.0482201862370317,296.0,0.0
12,AgL24,P,liq,MgO_liq,0.00902145260816175,0.03329872325098697,0.0741796594206292,296.0,0.0
13,AgL24,P,liq,TiO2_liq,0.00871040563671995,0.03201725607219335,0.0466319656799605,296.0,0.0
14,AgL24,P,cpx,TiO2_cpx,0.00862535160070795,0.036042056673736875,0.0604603343682521,296.0,0.0
15,AgL24,P,cpx,MnO_cpx,0.00421508174621225,0.019315171838336552,0.0355613105439065,296.0,0.0
16,AgL24,P,cpx,Cr2O3_cpx,0.0,0.0085751915281884,0.0171514734927358,296.0,0.0
17,AgL24,P,cpx,FeO_cpx,0.0,0.11312890121053065,0.2466915983984119,295.0,1.0
18,AgL24,P,cpx,K2O_cpx,0.0,0.0,0.0,296.0,0.0
19,AgL24,P,cpx,NiO_cpx,0.0,0.0,0.0,296.0,0.0
20,AgL24,P,liq,FeO_liq,0.0,0.0085751915281884,0.0210154347313085,296.0,0.0
1,AgL24,T,liq,SiO2_liq,2.15582275390625,3.9525146484375,4.5751953125,296.0,0.0
2,AgL24,T,liq,K2O_liq,1.11724853515625,1.94403076171875,2.70703125,296.0,0.0
3,AgL24,T,liq,MgO_liq,0.98370361328125,2.896209716796875,5.527587890625,296.0,0.0
4,AgL24,T,liq,CaO_liq,0.6240234375,1.89996337890625,2.7095947265625,296.0,0.0
5,AgL24,T,liq,Al2O3_liq,0.5787353515625,1.4268798828125,2.15673828125,296.0,0.0
6,AgL24,T,cpx,CaO_cpx,0.33447265625,1.7113159179687494,3.2991943359375,292.0,4.0
7,AgL24,T,liq,TiO2_liq,0.285400390625,0.704071044921875,1.1072998046875,296.0,0.0
8,AgL24,T,liq,Na2O_liq,0.23724365234375,0.6136474609375,0.925537109375,296.0,0.0
9,AgL24,T,liq,MnO_liq,0.125,0.547027587890625,0.917724609375,296.0,0.0
10,AgL24,T,cpx,Al2O3_cpx,0.11920166015625,0.5635528564453125,1.2269287109375,296.0,0.0
11,AgL24,T,cpx,MgO_cpx,0.11669921875,1.3748718261718713,2.56787109375,294.0,2.0
12,AgL24,T,cpx,Na2O_cpx,0.05340576171875,0.33697509765625,0.896240234375,296.0,0.0
13,AgL24,T,cpx,SiO2_cpx,0.0506591796875,1.1424865722656246,2.7542724609375,288.0,8.0
14,AgL24,T,cpx,MnO_cpx,0.037139892578125,0.296539306640625,0.61474609375,296.0,0.0
15,AgL24,T,cpx,FeO_cpx,0.0,1.391687011718751,2.804443359375,295.0,1.0
16,AgL24,T,cpx,Cr2O3_cpx,0.0,0.0,0.14501953125,296.0,0.0
17,AgL24,T,cpx,TiO2_cpx,0.0,0.1419677734375,0.27490234375,296.0,0.0
18,AgL24,T,cpx,NiO_cpx,0.0,0.0,0.0,296.0,0.0
19,AgL24,T,cpx,K2O_cpx,0.0,0.0,0.0,296.0,0.0
20,AgL24,T,liq,FeO_liq,0.0,0.0,0.0,296.0,0.0
1,Chi23,P,liq,Al2O3_liq,0.2000000476837158,0.3000001907348633,1.5,296.0,0.0
2,Chi23,P,cpx,SiO2_cpx,0.1,0.3999999999999999,0.6000000000000005,288.0,8.0
3,Chi23,P,liq,CaO_liq,0.0999999046325683,0.1000001430511474,0.5,296.0,0.0
4,Chi23,P,liq,Na2O_liq,0.0999999046325683,0.1000001430511474,0.3000001907348633,296.0,0.0
5,Chi23,P,liq,SiO2_liq,0.0999999046325683,0.2000000476837158,0.9000000953674316,296.0,0.0
6,Chi23,P,cpx,Cr2O3_cpx,0.0,0.0,0.0,296.0,0.0
7,Chi23,P,cpx,CaO_cpx,0.0,0.1999999999999997,0.3000000000000007,292.0,4.0
8,Chi23,P,cpx,Al2O3_cpx,0.0,0.1,0.1000000000000005,296.0,0.0
9,Chi23,P,cpx,FeO_cpx,0.0,0.0,0.0,295.0,1.0
10,Chi23,P,cpx,Na2O_cpx,0.0,0.1,0.1000000000000005,296.0,0.0
11,Chi23,P,cpx,K2O_cpx,0.0,0.0,0.0,296.0,0.0
12,Chi23,P,cpx,MgO_cpx,0.0,0.2000000000000001,0.3000000000000007,294.0,2.0
13,Chi23,P,cpx,TiO2_cpx,0.0,0.1,0.1000000000000005,296.0,0.0
14,Chi23,P,cpx,NiO_cpx,0.0,0.0,0.0,296.0,0.0
15,Chi23,P,cpx,MnO_cpx,0.0,0.0,0.1,296.0,0.0
16,Chi23,P,liq,FeO_liq,0.0,0.0,0.0,296.0,0.0
17,Chi23,P,liq,MgO_liq,0.0,0.1000001430511474,0.2000002861022949,296.0,0.0
18,Chi23,P,liq,K2O_liq,0.0,0.1000001430511474,0.1000003814697265,296.0,0.0
19,Chi23,P,liq,MnO_liq,0.0,0.0,0.0,296.0,0.0
20,Chi23,P,liq,TiO2_liq,0.0,0.0,0.0999999046325683,296.0,0.0
1,Chi23,T,cpx,SiO2_cpx,4.0,10.0,13.0,288.0,8.0
2,Chi23,T,cpx,MgO_cpx,3.0,9.0,11.0,294.0,2.0
3,Chi23,T,liq,SiO2_liq,2.0,3.0,6.0,296.0,0.0
4,Chi23,T,cpx,CaO_cpx,1.0,2.0,3.0,292.0,4.0
5,Chi23,T,liq,CaO_liq,1.0,2.0,3.0,296.0,0.0
6,Chi23,T,liq,K2O_liq,1.0,2.0,2.0,296.0,0.0
7,Chi23,T,liq,Al2O3_liq,1.0,2.0,3.0,296.0,0.0
8,Chi23,T,cpx,Al2O3_cpx,0.0,1.0,1.0,296.0,0.0
9,Chi23,T,cpx,FeO_cpx,0.0,0.0,0.0,295.0,1.0
10,Chi23,T,cpx,Cr2O3_cpx,0.0,0.0,0.0,296.0,0.0
11,Chi23,T,cpx,Na2O_cpx,0.0,1.0,1.0,296.0,0.0
12,Chi23,T,cpx,K2O_cpx,0.0,0.0,0.0,296.0,0.0
13,Chi23,T,cpx,TiO2_cpx,0.0,1.0,1.0,296.0,0.0
14,Chi23,T,cpx,NiO_cpx,0.0,0.0,0.0,296.0,0.0
15,Chi23,T,cpx,MnO_cpx,0.0,0.0,1.0,296.0,0.0
16,Chi23,T,liq,FeO_liq,0.0,0.0,0.0,296.0,0.0
17,Chi23,T,liq,MgO_liq,0.0,1.0,1.0,296.0,0.0
18,Chi23,T,liq,MnO_liq,0.0,0.0,0.0,296.0,0.0
19,Chi23,T,liq,Na2O_liq,0.0,1.0,2.0,296.0,0.0
20,Chi23,T,liq,TiO2_liq,0.0,1.0,1.0,296.0,0.0
1,Jor22,P,liq,Al2O3_liq,0.13249999999999978,0.5762499999999998,1.2393333333333332,296.0,0.0
2,Jor22,P,cpx,SiO2_cpx,0.0250000000000003,0.3450000000000002,0.7958333333333338,288.0,8.0
3,Jor22,P,cpx,CaO_cpx,0.02416666666666665,0.30685833333333346,0.4925000000000001,292.0,4.0
4,Jor22,P,liq,SiO2_liq,0.020000000000000198,0.23454166666666626,1.233333333333333,296.0,0.0
5,Jor22,P,liq,Na2O_liq,0.0170833333333335,0.2408333333333336,0.6163333333333343,296.0,0.0
6,Jor22,P,cpx,Al2O3_cpx,0.0074999999999999,0.24206249999999999,0.5482499999999999,296.0,0.0
7,Jor22,P,cpx,FeO_cpx,0.0,0.13345833333333332,0.4850000000000003,295.0,1.0
8,Jor22,P,cpx,Cr2O3_cpx,0.0,0.0,0.0749999999999997,296.0,0.0
9,Jor22,P,cpx,Na2O_cpx,0.0,0.15547916666666659,0.4850000000000003,296.0,0.0
10,Jor22,P,cpx,MnO_cpx,0.0,0.031249999999999774,0.2875000000000001,296.0,0.0
11,Jor22,P,cpx,K2O_cpx,0.0,0.0,0.0,296.0,0.0
12,Jor22,P,cpx,MgO_cpx,0.0,0.12580416666666627,0.4850000000000003,294.0,2.0
13,Jor22,P,cpx,TiO2_cpx,0.0,0.09491666666666668,0.3666666666666667,296.0,0.0
14,Jor22,P,cpx,NiO_cpx,0.0,0.0,0.0,296.0,0.0
15,Jor22,P,liq,CaO_liq,0.0,0.15854166666666653,0.5059999999999998,296.0,0.0
16,Jor22,P,liq,FeO_liq,0.0,0.15137499999999982,0.3566666666666669,296.0,0.0
17,Jor22,P,liq,MgO_liq,0.0,0.08625,0.4000000000000003,296.0,0.0
18,Jor22,P,liq,K2O_liq,0.0,0.16791666666666646,0.4850000000000003,296.0,0.0
19,Jor22,P,liq,MnO_liq,0.0,0.1666666666666665,0.3333333333333335,296.0,0.0
20,Jor22,P,liq,TiO2_liq,0.0,0.13406249999999995,0.4850000000000003,296.0,0.0
1,Jor22,T,liq,SiO2_liq,6.25,23.541666666666686,38.0,296.0,0.0
2,Jor22,T,liq,Al2O3_liq,2.5,8.5625,19.75,296.0,0.0
3,Jor22,T,liq,MgO_liq,0.8333333333333144,6.5,10.0,296.0,0.0
4,Jor22,T,liq,K2O_liq,0.8333333333332575,6.354166666666657,10.0,296.0,0.0
5,Jor22,T,cpx,FeO_cpx,0.0,1.666666666666663,5.0,295.0,1.0
6,Jor22,T,cpx,Cr2O3_cpx,0.0,0.0,0.0,296.0,0.0
7,Jor22,T,cpx,CaO_cpx,0.0,2.5,6.166666666666743,292.0,4.0
8,Jor22,T,cpx,Al2O3_cpx,0.0,1.6666666666666288,5.416666666666743,296.0,0.0
9,Jor22,T,cpx,Na2O_cpx,0.0,1.25,5.0,296.0,0.0
10,Jor22,T,cpx,K2O_cpx,0.0,0.0,0.0,296.0,0.0
11,Jor22,T,cpx,MnO_cpx,0.0,0.0,4.166666666666629,296.0,0.0
12,Jor22,T,cpx,MgO_cpx,0.0,2.5,4.166666666666629,294.0,2.0
13,Jor22,T,cpx,TiO2_cpx,0.0,0.4999999999999715,3.333333333333257,296.0,0.0
14,Jor22,T,cpx,SiO2_cpx,0.0,3.333333333333257,7.5,288.0,8.0
15,Jor22,T,cpx,NiO_cpx,0.0,0.0,0.0,296.0,0.0
16,Jor22,T,liq,FeO_liq,0.0,5.0,8.75,296.0,0.0
17,Jor22,T,liq,CaO_liq,0.0,3.333333333333257,6.666666666666743,296.0,0.0
18,Jor22,T,liq,MnO_liq,0.0,1.25,6.25,296.0,0.0
19,Jor22,T,liq,Na2O_liq,0.0,2.5,5.0,296.0,0.0
20,Jor22,T,liq,TiO2_liq,0.0,2.5,6.25,296.0,0.0
1,NP17,P,liq,SiO2_liq,0.42376363247704685,0.5183679331593198,0.5694709696434996,296.0,0.0
2,NP17,P,liq,Al2O3_liq,0.3248881083415234,0.35967668348473636,0.3892169867921091,296.0,0.0
3,NP17,P,liq,Na2O_liq,0.116912291686702,0.15579046851286435,0.1714356553166647,296.0,0.0
4,NP17,P,liq,K2O_liq,0.0716054811485955,0.12641245909367477,0.1559318397827374,296.0,0.0
5,NP17,P,cpx,CaO_cpx,0.06320037078853595,0.16445469886405426,10.773144855742483,292.0,4.0
6,NP17,P,cpx,SiO2_cpx,0.060866023681471745,0.07038183742296221,10.35267719841217,288.0,8.0
7,NP17,P,liq,CaO_liq,0.051871916185858,0.06888991764124938,0.0735250218063887,296.0,0.0
8,NP17,P,liq,MgO_liq,0.0237376300741498,0.037642515843461205,0.0404047585016833,296.0,0.0
9,NP17,P,cpx,Al2O3_cpx,0.0117182918994771,0.017330708363105324,0.115955868436929,296.0,0.0
10,NP17,P,cpx,MgO_cpx,0.008025744979860801,0.03588396191110109,9.947859835410496,294.0,2.0
11,NP17,P,liq,TiO2_liq,0.0040780742053096505,0.0045362243578921995,0.0048085253419998,296.0,0.0
12,NP17,P,cpx,Na2O_cpx,0.00178229563812765,0.060035615036666524,0.0639335671534624,296.0,0.0
13,NP17,P,liq,MnO_liq,0.0011330604922869499,0.0012513292571212,0.0012926643362116,296.0,0.0
14,NP17,P,cpx,TiO2_cpx,0.0007360804861633,0.0017336106277281,0.0154544573978636,296.0,0.0
15,NP17,P,cpx,MnO_cpx,0.00010323644900895,0.0007211669119984001,0.0023279207427027,296.0,0.0
16,NP17,P,cpx,K2O_cpx,1.3652465717939322e-06,1.4828083446438711e-05,6.747197867795762e-05,296.0,0.0
17,NP17,P,cpx,FeO_cpx,0.0,0.0,0.0,295.0,1.0
18,NP17,P,cpx,Cr2O3_cpx,0.0,9.414982420352658e-07,1.856054761972814e-05,296.0,0.0
19,NP17,P,cpx,NiO_cpx,0.0,0.0,0.0,296.0,0.0
20,NP17,P,liq,FeO_liq,0.0,0.0,0.0,296.0,0.0
1,Pet20,P,liq,Na2O_liq,0.07480428571428585,0.15855071428571388,0.2403485714285702,296.0,0.0
2,Pet20,P,cpx,SiO2_cpx,0.0472928571428572,0.1428722857142853,0.4041771428571428,288.0,8.0
3,Pet20,P,cpx,CaO_cpx,0.04375142857142885,0.23127142857142854,0.3885114285714275,292.0,4.0
4,Pet20,P,liq,SiO2_liq,0.042085714285714254,0.1711271428571426,0.3138200000000015,296.0,0.0
5,Pet20,P,liq,Al2O3_liq,0.0365142857142859,0.13427428571428557,0.6931371050000017,296.0,0.0
6,Pet20,P,cpx,Al2O3_cpx,0.0199399999999996,0.08357357142857143,0.1573885714285721,296.0,0.0
7,Pet20,P,liq,K2O_liq,0.014570000000000801,0.07610999999999943,0.1112600000000005,296.0,0.0
8,Pet20,P,liq,MnO_liq,0.0119700000000002,0.054193571428570994,0.0825285714285701,296.0,0.0
9,Pet20,P,cpx,Na2O_cpx,0.008738571428571651,0.05169,0.1373800000000002,296.0,0.0
10,Pet20,P,liq,CaO_liq,0.00595857142857165,0.060415000000000024,0.1287171428571412,296.0,0.0
11,Pet20,P,cpx,MgO_cpx,0.0057142857142862,0.04871571428571471,0.057137142857143,294.0,2.0
12,Pet20,P,liq,TiO2_liq,0.0028257142857141503,0.0228571428571422,0.0571400000000021,296.0,0.0
13,Pet20,P,cpx,FeO_cpx,0.0,0.0,0.0,295.0,1.0
14,Pet20,P,cpx,Cr2O3_cpx,0.0,0.0,0.0057114285714288,296.0,0.0
15,Pet20,P,cpx,K2O_cpx,0.0,0.002730000000000325,0.019997142857143,296.0,0.0
16,Pet20,P,cpx,MnO_cpx,0.0,0.0142857142857142,0.0413714285714288,296.0,0.0
17,Pet20,P,cpx,TiO2_cpx,0.0,0.0261235714285719,0.0479685714285711,296.0,0.0
18,Pet20,P,cpx,NiO_cpx,0.0,0.0,0.0,296.0,0.0
19,Pet20,P,liq,MgO_liq,0.0,0.0244685714285717,0.0588714285714297,296.0,0.0
20,Pet20,P,liq,FeO_liq,0.0,0.0,0.0,296.0,0.0
1,Pet20,T,liq,MgO_liq,1.4454545454544814,3.5720454545452185,4.567272727272666,296.0,0.0
2,Pet20,T,liq,CaO_liq,1.4068181818183803,4.373636363636479,6.154909090909314,296.0,0.0
3,Pet20,T,liq,SiO2_liq,1.1909090909091447,4.143181818182029,6.114545454545578,296.0,0.0
4,Pet20,T,liq,TiO2_liq,1.105454545454677,3.0422727272728594,5.698181818181865,296.0,0.0
5,Pet20,T,liq,Al2O3_liq,0.33363636363628757,1.0559090909093813,1.860000000000128,296.0,0.0
6,Pet20,T,cpx,SiO2_cpx,0.3018181818181347,1.372727272727309,2.6363636363635123,288.0,8.0
7,Pet20,T,liq,Na2O_liq,0.2172727272726433,0.7431818181820518,1.3036363636365422,296.0,0.0
8,Pet20,T,cpx,MgO_cpx,0.20000000000004545,0.6274999999997358,1.199999999999818,294.0,2.0
9,Pet20,T,liq,MnO_liq,0.136363636363626,0.5622727272726706,0.9818181818181984,296.0,0.0
10,Pet20,T,cpx,Al2O3_cpx,0.1272727272730662,0.77909090909111,2.145454545454413,296.0,0.0
11,Pet20,T,cpx,CaO_cpx,0.1272727272727252,0.8289090909090191,2.401818181818271,292.0,4.0
12,Pet20,T,liq,K2O_liq,0.1272727272727252,0.6727272727271156,1.054545454545405,296.0,0.0
13,Pet20,T,cpx,MnO_cpx,0.10500000000001815,0.5790909090908372,1.2799999999999727,296.0,0.0
14,Pet20,T,cpx,Na2O_cpx,0.028181818181792502,0.42431818181808006,1.1163636363635303,296.0,0.0
15,Pet20,T,cpx,TiO2_cpx,0.0272727272727024,0.5,1.1454545454546403,296.0,0.0
16,Pet20,T,cpx,Cr2O3_cpx,0.0,0.0,0.0636363636363057,296.0,0.0
17,Pet20,T,cpx,FeO_cpx,0.0,0.0,0.0,295.0,1.0
18,Pet20,T,cpx,K2O_cpx,0.0,0.3422727272724159,0.9636363636363968,296.0,0.0
19,Pet20,T,cpx,NiO_cpx,0.0,0.0,0.0,296.0,0.0
20,Pet20,T,liq,FeO_liq,0.0,0.0,0.0,296.0,0.0
1,Pu08_31,P,liq,SiO2_liq,0.19285409805433135,0.20813123899976854,0.2089131245649973,44.0,0.0
2,Pu08_31,P,liq,Na2O_liq,0.14959630450045136,0.16379227879270422,0.169329632859867,44.0,0.0
3,Pu08_31,P,cpx,MgO_cpx,0.0902689704201353,0.27954844681296037,0.7930528437800035,43.0,2.0
4,Pu08_31,P,liq,Al2O3_liq,0.08654714307629871,0.10709300873964621,0.1082224006686409,44.0,0.0
5,Pu08_31,P,cpx,Na2O_cpx,0.062316765419637904,0.07545865470720797,0.1366697825430023,44.0,0.0
6,Pu08_31,P,cpx,CaO_cpx,0.061996511403815846,0.5399970469340075,1.5255313255921692,42.0,4.0
7,Pu08_31,P,liq,TiO2_liq,0.03187131133191195,0.034807259171651006,0.0354361171322779,44.0,0.0
8,Pu08_31,P,liq,CaO_liq,0.022562046236092897,0.045358227328927164,0.0537908820635344,44.0,0.0
9,Pu08_31,P,liq,MgO_liq,0.0188909043658167,0.024020880684745602,0.027068163219674,44.0,0.0
10,Pu08_31,P,cpx,SiO2_cpx,0.0188683122108477,0.2811646880185466,0.8792864590890446,42.0,8.0
11,Pu08_31,P,liq,K2O_liq,0.0154745812299736,0.018597552691393536,0.018922103330194,44.0,0.0
12,Pu08_31,P,cpx,Al2O3_cpx,0.010710242871651149,0.06517436590445957,0.4336767247438082,44.0,0.0
13,Pu08_31,P,liq,MnO_liq,0.00074077507609965,0.00078662027419099,0.000805478952536,44.0,0.0
14,Pu08_31,P,cpx,TiO2_cpx,0.0003635697783881,0.008805147836707175,0.0558640879780618,44.0,0.0
15,Pu08_31,P,cpx,MnO_cpx,0.0001466826739146931,0.002485939628142645,0.0083653363755651,44.0,0.0
16,Pu08_31,P,cpx,K2O_cpx,4.1520088345237127e-07,5.5435547901261375e-05,0.0001868923426009,44.0,0.0
17,Pu08_31,P,cpx,FeO_cpx,0.0,0.0,0.0,44.0,1.0
18,Pu08_31,P,cpx,Cr2O3_cpx,0.0,2.7533932973611285e-07,3.627827030783237e-06,44.0,0.0
19,Pu08_31,P,cpx,NiO_cpx,0.0,0.0,0.0,44.0,0.0
20,Pu08_31,P,liq,FeO_liq,0.0,0.0,0.0,44.0,0.0
1,Pu08_33,T,cpx,CaO_cpx,7.311008724167095,26.45287123862605,50.53978559639381,42.0,4.0
2,Pu08_33,T,liq,CaO_liq,4.786050456905286,5.286892171825753,5.326310119938626,44.0,0.0
3,Pu08_33,T,liq,Al2O3_liq,4.388757066989228,4.944275893965482,5.011223437219996,44.0,0.0
4,Pu08_33,T,cpx,SiO2_cpx,3.5621268715510723,12.012323838364273,29.324495627478427,42.0,8.0
5,Pu08_33,T,cpx,MgO_cpx,3.230129758304429,8.901822454280818,23.750894425017123,43.0,2.0
6,Pu08_33,T,liq,Na2O_liq,1.1412550006721176,1.3053016798938188,1.3199543365180944,44.0,0.0
7,Pu08_33,T,liq,SiO2_liq,0.9450045629309898,1.396102385431027,1.6069589542744325,44.0,0.0
8,Pu08_33,T,cpx,Al2O3_cpx,0.6923616529513765,3.0628876061729677,13.286744148279922,44.0,0.0
9,Pu08_33,T,liq,TiO2_liq,0.6709384809662424,0.7723315459200422,0.8000621657142801,44.0,0.0
10,Pu08_33,T,liq,K2O_liq,0.48842340048963706,0.6470420983550866,0.7659784886618581,44.0,0.0
11,Pu08_33,T,cpx,Na2O_cpx,0.4712840403003611,0.7666747293011895,2.0562927250957728,44.0,0.0
12,Pu08_33,T,liq,MgO_liq,0.45162531740720624,0.6381214301972022,0.7710713166784444,44.0,0.0
13,Pu08_33,T,cpx,TiO2_cpx,0.08900552624686495,0.3561406571614043,1.7177373745284967,44.0,0.0
14,Pu08_33,T,cpx,MnO_cpx,0.0347587006388039,0.10064034551548953,0.2582219091846127,44.0,0.0
15,Pu08_33,T,liq,MnO_liq,0.0176188028792694,0.02079028919335988,0.0214118068797688,44.0,0.0
16,Pu08_33,T,cpx,K2O_cpx,0.00011038403727067158,0.003426937117251315,0.0057729038567231,44.0,0.0
17,Pu08_33,T,cpx,FeO_cpx,0.0,0.0,0.0,44.0,1.0
18,Pu08_33,T,cpx,Cr2O3_cpx,0.0,3.724287444129004e-05,0.0009387296272507,44.0,0.0
19,Pu08_33,T,cpx,NiO_cpx,0.0,0.0,0.0,44.0,0.0
20,Pu08_33,T,liq,FeO_liq,0.0,0.0,0.0,44.0,0.0
