model,target_type,phase,oxide,rel_error,n,median_abs_effect,mean_abs_effect,p90_abs_effect,p95_abs_effect,max_abs_effect,median_signed_effect,mean_signed_effect,qc_failed_n,clipped_to_zero_n,zero_value_no_effect_n
AgL24,P,cpx,Al2O3_cpx,0.005,296.0,0.015172876719096551,0.0198775422871179,0.0450669168955215,0.048632507485327506,0.1073823561197402,-0.00029087389879785,-0.0003536734549262561,0.0,0.0,0.0
AgL24,P,cpx,Al2O3_cpx,0.01,296.0,0.0292735818880802,0.034506953445224114,0.0731178470159279,0.08729161142097312,0.1465764553940838,0.00182184654701425,0.000605559649001602,0.0,0.0,0.0
AgL24,P,cpx,CaO_cpx,0.005,295.0,0.0303452082200141,0.044286300304880497,0.09781693933382747,0.12141180127265505,0.3013279121725567,0.0121207453498954,0.002800634236250142,1.0,0.0,0.0
AgL24,P,cpx,CaO_cpx,0.01,292.0,0.05246525498311965,0.0767723819228323,0.17576002176071834,0.21810548211294417,0.3866458337835068,0.008423620874269351,0.00809253993550725,4.0,0.0,0.0
AgL24,P,cpx,Cr2O3_cpx,0.005,296.0,0.0,0.001190692035802743,0.0052150118875333,0.008287725243013125,0.0171514734927358,0.0,-6.098523211892397e-05,0.0,0.0,278.0
AgL24,P,cpx,Cr2O3_cpx,0.01,296.0,0.0,0.0012219610351820818,0.0052150118875333,0.0085751915281884,0.0171514734927358,0.0,-9.225423149826282e-05,0.0,0.0,278.0
AgL24,P,cpx,FeO_cpx,0.005,295.0,0.0,0.02110879641381928,0.07647535508750367,0.11312890121053065,0.2466915983984119,0.0,0.0016106447339274054,1.0,0.0,0.0
AgL24,P,cpx,FeO_cpx,0.01,295.0,0.0,0.02110879641381928,0.07647535508750367,0.11312890121053065,0.2466915983984119,0.0,0.0016106447339274054,1.0,0.0,0.0
AgL24,P,cpx,K2O_cpx,0.005,296.0,0.0,0.0,0.0,0.0,0.0,0.0,0.0,0.0,0.0,110.0
AgL24,P,cpx,K2O_cpx,0.01,296.0,0.0,0.0,0.0,0.0,0.0,0.0,0.0,0.0,0.0,110.0
AgL24,P,cpx,MgO_cpx,0.005,295.0,0.0082611458567596,0.024440979563003118,0.07620754391770138,0.1044181684429028,0.2381164068702235,0.0,0.0007649133829704597,1.0,0.0,0.0
AgL24,P,cpx,MgO_cpx,0.01,294.0,0.01202315129575335,0.02678663314168159,0.07586111228640602,0.108922951868826,0.2249744678700036,0.0,0.0003387093761198867,2.0,0.0,0.0
AgL24,P,cpx,MnO_cpx,0.005,296.0,0.0024900114260703503,0.004286135095119827,0.0129380274010619,0.01520804329167875,0.0230910803409107,0.0,-5.067029358663683e-05,0.0,0.0,0.0
AgL24,P,cpx,MnO_cpx,0.01,296.0,0.00421508174621225,0.006039034566835629,0.01489808675659615,0.019315171838336552,0.0355613105439065,0.0,-2.2772989740063098e-05,0.0,0.0,0.0
AgL24,P,cpx,Na2O_cpx,0.005,296.0,0.0066920079359733,0.010362404748103769,0.0253433766406905,0.03224433944398127,0.0633805229379982,0.0,-0.0004922868882905892,0.0,0.0,0.0
AgL24,P,cpx,Na2O_cpx,0.01,296.0,0.01323462609074515,0.018149263284311386,0.04005908791622255,0.050114410497382994,0.1159711781024182,-0.00060710044294505,-5.25896089349903e-05,0.0,0.0,0.0
AgL24,P,cpx,NiO_cpx,0.005,296.0,0.0,0.0,0.0,0.0,0.0,0.0,0.0,0.0,0.0,268.0
AgL24,P,cpx,NiO_cpx,0.01,296.0,0.0,0.0,0.0,0.0,0.0,0.0,0.0,0.0,0.0,268.0
AgL24,P,cpx,SiO2_cpx,0.005,292.0,0.013660441488985101,0.029461949167562954,0.08313890263450352,0.10109244659119662,0.2924043262276266,0.0003494848531011,0.00021305894114910355,4.0,0.0,0.0
AgL24,P,cpx,SiO2_cpx,0.01,288.0,0.0226791680062492,0.03333765239694296,0.07768819292794371,0.0973667799438702,0.2718403321489973,0.003493212876469,0.002172617774257425,8.0,0.0,0.0
AgL24,P,cpx,TiO2_cpx,0.005,296.0,0.0049661197885617,0.00755167149083454,0.017600188054517102,0.021494817815690574,0.0604603343682521,0.0,0.0004606356835994726,0.0,0.0,0.0
AgL24,P,cpx,TiO2_cpx,0.01,296.0,0.00862535160070795,0.011999664549105952,0.0288049668627441,0.036042056673736875,0.0604603343682521,0.0,0.0004545682893984997,0.0,0.0,0.0
AgL24,P,liq,Al2O3_liq,0.01,296.0,0.0119858038504534,0.014368686351075823,0.0300965887301325,0.037803452155092475,0.077200168135417,0.0012452783221250001,0.000324512571109334,0.0,0.0,0.0
AgL24,P,liq,Al2O3_liq,0.02,296.0,0.02169613962849485,0.024536565173110328,0.04912961016054515,0.056830953251436576,0.0897066553473533,0.00210290651857955,0.0003653597276972461,0.0,0.0,0.0
AgL24,P,liq,Al2O3_liq,0.03,296.0,0.02825266084684605,0.03254685172476408,0.0687650976793756,0.07667566824667492,0.1124676060805374,0.0022124953726723002,0.0009247148989107715,0.0,0.0,0.0
AgL24,P,liq,CaO_liq,0.01,296.0,0.0083483807654891,0.011459527397745445,0.02706871956992215,0.03383119695560373,0.054661393810405,0.0,0.0009473764504756262,0.0,0.0,0.0
AgL24,P,liq,CaO_liq,0.02,296.0,0.013665893670780499,0.018834991188172043,0.044511339570545344,0.05316027185751973,0.099851257405418,-0.00036993053483455,0.0007193251322229942,0.0,0.0,0.0
AgL24,P,liq,CaO_liq,0.03,296.0,0.01866036480467985,0.02816172453294042,0.0713593820822886,0.08175846472566425,0.1233218095993047,0.0014470090485638,0.0019835580748777597,0.0,0.0,0.0
AgL24,P,liq,FeO_liq,0.01,296.0,0.0,0.0010215620409859331,0.0036747705302641502,0.0085751915281884,0.0210154347313085,0.0,-5.86846324355467e-05,0.0,0.0,0.0
AgL24,P,liq,FeO_liq,0.02,296.0,0.0,0.0010215620409859331,0.0036747705302641502,0.0085751915281884,0.0210154347313085,0.0,-5.86846324355467e-05,0.0,0.0,0.0
AgL24,P,liq,FeO_liq,0.03,296.0,0.0,0.0010215620409859331,0.0036747705302641502,0.0085751915281884,0.0210154347313085,0.0,-5.86846324355467e-05,0.0,0.0,0.0
AgL24,P,liq,K2O_liq,0.01,296.0,0.00888242197237235,0.011481225607729423,0.0263580276728596,0.030889335963219123,0.0550419560997417,0.0,0.0003438659745305732,0.0,0.0,0.0
AgL24,P,liq,K2O_liq,0.02,296.0,0.017560387127408802,0.020185086784341624,0.04083438816756275,0.04969690967638125,0.0869339482951794,8.614447237095e-05,0.0005400211083020041,0.0,0.0,0.0
AgL24,P,liq,K2O_liq,0.03,296.0,0.02343293213949675,0.027604543787608557,0.0596724940987809,0.06769824200651328,0.0929891413974211,0.00067307184267215,-0.00013537620042325168,0.0,0.0,0.0
AgL24,P,liq,MgO_liq,0.01,296.0,0.0048001008528846,0.0066272623561731015,0.01661661445858345,0.0201403595531075,0.0347167675837605,0.0,0.00031237594075414054,0.0,0.0,0.0
AgL24,P,liq,MgO_liq,0.02,296.0,0.00794464670352195,0.01003281943758049,0.02186134073690255,0.029054131570805324,0.0741796594206292,0.0,-0.0002312590799408307,0.0,0.0,0.0
AgL24,P,liq,MgO_liq,0.03,296.0,0.00902145260816175,0.012105092430672605,0.0254815894492099,0.03329872325098697,0.0741796594206292,-0.000727321051539,-0.00029031762889821254,0.0,0.0,0.0
AgL24,P,liq,MnO_liq,0.01,296.0,0.00414447599195795,0.005937240859148301,0.01450307618550225,0.01900821400324245,0.0368992759565571,0.0,0.0010626053656012434,0.0,0.0,0.0
AgL24,P,liq,MnO_liq,0.02,296.0,0.00654180032750325,0.008855560767262724,0.01968074062773435,0.0250741751645304,0.0437804746008394,4.607093617314817e-05,0.0006574576044689046,0.0,0.0,0.0
AgL24,P,liq,MnO_liq,0.03,296.0,0.00935130960679805,0.011934014570231199,0.0256168035577415,0.0318922648045274,0.0482201862370317,0.001052271086559,0.000522826474159328,0.0,0.0,0.0
AgL24,P,liq,Na2O_liq,0.01,296.0,0.01563031477175155,0.018650508512521924,0.039000001602419204,0.04667258443433805,0.0651748359669452,0.00058965346119885,0.00237605898458817,0.0,0.0,0.0
AgL24,P,liq,Na2O_liq,0.02,296.0,0.03284912270966295,0.034527734362460094,0.062022111843613656,0.06881730232006994,0.1024110567584726,0.0008701682145848,0.0034992775077398444,0.0,0.0,0.0
AgL24,P,liq,Na2O_liq,0.03,296.0,0.0487637687620576,0.050550357559800904,0.08547303618303645,0.09423319297864173,0.1317268930554691,0.00028569432609155,0.0036908461777710247,0.0,0.0,0.0
AgL24,P,liq,SiO2_liq,0.01,296.0,0.02005993987162205,0.025224178316183114,0.0551689919355795,0.06158143924998088,0.095504232859751,0.0019603319646232503,0.0015237890303102504,0.0,0.0,0.0
AgL24,P,liq,SiO2_liq,0.02,296.0,0.0405489664505611,0.046793404598734246,0.1020133200964803,0.1120581472276842,0.1637284741049995,0.0069283600168139,0.0011163314597280338,0.0,0.0,0.0
AgL24,P,liq,SiO2_liq,0.03,296.0,0.059760546834780354,0.06748668261721602,0.13656870309909097,0.15072856444055646,0.2144184986954584,0.0069856079256682,0.00023295551893866097,0.0,0.0,0.0
AgL24,P,liq,TiO2_liq,0.01,296.0,0.0032255107503029,0.005504945469166292,0.014195845741317801,0.01906818800299455,0.038395354641282,0.0,0.0007967028278183902,0.0,0.0,0.0
AgL24,P,liq,TiO2_liq,0.02,296.0,0.00618004806536195,0.008626188768487291,0.021011618204051348,0.02533928750434405,0.039655899072434,0.0,0.0009232597557964358,0.0,0.0,0.0
AgL24,P,liq,TiO2_liq,0.03,296.0,0.00871040563671995,0.010847418683752427,0.0242115036999148,0.03201725607219335,0.0466319656799605,0.0,0.00047926059448684274,0.0,0.0,0.0
AgL24,T,cpx,Al2O3_cpx,0.005,296.0,0.0625,0.09278663429054054,0.240478515625,0.32708740234375,0.5189208984375,0.0,0.008459142736486486,0.0,0.0,0.0
AgL24,T,cpx,Al2O3_cpx,0.01,296.0,0.11920166015625,0.16650390625,0.38836669921875,0.5635528564453125,1.2269287109375,0.000244140625,0.010588362410261825,0.0,0.0,0.0
AgL24,T,cpx,CaO_cpx,0.005,295.0,0.081787109375,0.30833160917637714,0.9694824218750004,1.4542236328125004,2.983154296875,0.0,0.018606205309851694,1.0,0.0,0.0
AgL24,T,cpx,CaO_cpx,0.01,292.0,0.33447265625,0.5666790269825557,1.5009277343750016,1.7113159179687494,3.2991943359375,0.01824951171875,0.026602340071168663,4.0,0.0,0.0
AgL24,T,cpx,Cr2O3_cpx,0.005,296.0,0.0,0.0002872363941089527,0.0,0.0,0.06005859375,0.0,0.00020310685441300675,0.0,0.0,278.0
AgL24,T,cpx,Cr2O3_cpx,0.01,296.0,0.0,0.0008575851852829392,0.0,0.0,0.14501953125,0.0,-0.00020640605204814188,0.0,0.0,278.0
AgL24,T,cpx,FeO_cpx,0.005,295.0,0.0,0.2570633193193856,0.9904541015625006,1.391687011718751,2.804443359375,0.0,0.012461309917902542,1.0,0.0,0.0
AgL24,T,cpx,FeO_cpx,0.01,295.0,0.0,0.2570633193193856,0.9904541015625006,1.391687011718751,2.804443359375,0.0,0.012461309917902542,1.0,0.0,0.0
AgL24,T,cpx,K2O_cpx,0.005,296.0,0.0,0.0,0.0,0.0,0.0,0.0,0.0,0.0,0.0,110.0
AgL24,T,cpx,K2O_cpx,0.01,296.0,0.0,0.0,0.0,0.0,0.0,0.0,0.0,0.0,0.0,110.0
AgL24,T,cpx,MgO_cpx,0.005,295.0,0.0850830078125,0.2861919855667373,0.9217773437500002,1.4589477539062505,2.7396240234375,0.0,0.01458595405190678,1.0,0.0,0.0
AgL24,T,cpx,MgO_cpx,0.01,294.0,0.11669921875,0.30694247914009354,0.9258056640625,1.3748718261718713,2.56787109375,0.00433349609375,0.02057881257971939,2.0,0.0,0.0
AgL24,T,cpx,MnO_cpx,0.005,296.0,0.0,0.039833687447212836,0.1212158203125,0.16204833984375,0.37744140625,0.0,0.00013361750422297296,0.0,0.0,0.0
AgL24,T,cpx,MnO_cpx,0.01,296.0,0.037139892578125,0.07508272738070101,0.203857421875,0.296539306640625,0.61474609375,0.0,0.005979795713682432,0.0,0.0,0.0
AgL24,T,cpx,Na2O_cpx,0.005,296.0,0.03173828125,0.06669369259396114,0.1812744140625,0.2564697265625,0.4976806640625,0.0,0.0040217219172297295,0.0,0.0,0.0
AgL24,T,cpx,Na2O_cpx,0.01,296.0,0.05340576171875,0.09920130549250422,0.22833251953125,0.33697509765625,0.896240234375,0.0,0.016013686721389357,0.0,0.0,0.0
AgL24,T,cpx,NiO_cpx,0.005,296.0,0.0,0.0,0.0,0.0,0.0,0.0,0.0,0.0,0.0,268.0
AgL24,T,cpx,NiO_cpx,0.01,296.0,0.0,0.0,0.0,0.0,0.0,0.0,0.0,0.0,0.0,268.0
AgL24,T,cpx,SiO2_cpx,0.005,292.0,0.00128173828125,0.24366593034300085,0.9552612304687518,1.2100708007812495,2.9794921875,0.0,0.013668739632384418,4.0,0.0,0.0
AgL24,T,cpx,SiO2_cpx,0.01,288.0,0.0506591796875,0.22906261020236546,0.8514099121093751,1.1424865722656246,2.7542724609375,0.0,0.01391368442111545,8.0,0.0,0.0
AgL24,T,cpx,TiO2_cpx,0.005,296.0,0.0,0.020034583839210304,0.076904296875,0.1214599609375,0.264404296875,0.0,0.0028746321394636826,0.0,0.0,0.0
AgL24,T,cpx,TiO2_cpx,0.01,296.0,0.0,0.03102256156302787,0.108642578125,0.1419677734375,0.27490234375,0.0,0.0040136801229940875,0.0,0.0,0.0
AgL24,T,liq,Al2O3_liq,0.01,296.0,0.22698974609375,0.26318359375,0.4896240234375,0.66094970703125,1.2244873046875,-0.0145263671875,0.005780194256756757,0.0,0.0,0.0
AgL24,T,liq,Al2O3_liq,0.02,296.0,0.41815185546875,0.45300128008868246,0.85467529296875,1.016265869140625,1.430908203125,-0.0321044921875,0.021326013513513514,0.0,0.0,0.0
AgL24,T,liq,Al2O3_liq,0.03,296.0,0.5787353515625,0.6436821190086571,1.2523193359375,1.4268798828125,2.15673828125,-0.0335693359375,0.020477707321579393,0.0,0.0,0.0
AgL24,T,liq,CaO_liq,0.01,296.0,0.2335205078125,0.28730691445840373,0.5882568359375,0.7293701171875,1.109619140625,0.002105712890625,0.0032620816617398647,0.0,0.0,0.0
AgL24,T,liq,CaO_liq,0.02,296.0,0.45001220703125,0.5374679565429688,1.1434326171875,1.3646240234375,2.13134765625,-0.016357421875,-0.006091762233424831,0.0,0.0,0.0
AgL24,T,liq,CaO_liq,0.03,296.0,0.6240234375,0.7515279409047719,1.6943359375,1.89996337890625,2.7095947265625,0.0042724609375,0.012013615788640204,0.0,0.0,0.0
AgL24,T,liq,FeO_liq,0.01,296.0,0.0,0.0,0.0,0.0,0.0,0.0,0.0,0.0,0.0,0.0
AgL24,T,liq,FeO_liq,0.02,296.0,0.0,0.0,0.0,0.0,0.0,0.0,0.0,0.0,0.0,0.0
AgL24,T,liq,FeO_liq,0.03,296.0,0.0,0.0,0.0,0.0,0.0,0.0,0.0,0.0,0.0,0.0
AgL24,T,liq,K2O_liq,0.01,296.0,0.33416748046875,0.36779661436338684,0.6781005859375,0.790374755859375,1.190673828125,-0.00665283203125,0.004181320602829392,0.0,0.0,0.0
AgL24,T,liq,K2O_liq,0.02,296.0,0.70819091796875,0.7330901687209671,1.2286376953125,1.43634033203125,2.0726318359375,-0.029937744140625,0.005984125910578547,0.0,0.0,0.0
AgL24,T,liq,K2O_liq,0.03,296.0,1.11724853515625,1.0780746872360643,1.78729248046875,1.94403076171875,2.70703125,-0.081390380859375,-0.01276707004856419,0.0,0.0,0.0
AgL24,T,liq,MgO_liq,0.01,296.0,0.31964111328125,0.4082144659918708,0.8543701171875,1.039947509765625,2.0697021484375,0.02593994140625,-0.0035051912874788853,0.0,0.0,0.0
AgL24,T,liq,MgO_liq,0.02,296.0,0.66046142578125,0.7890777587890625,1.5732421875,2.0406646728515625,3.8648681640625,0.011474609375,-0.011270059121621621,0.0,0.0,0.0
AgL24,T,liq,MgO_liq,0.03,296.0,0.98370361328125,1.163396474477407,2.18792724609375,2.896209716796875,5.527587890625,0.04705810546875,-0.02191533269108953,0.0,0.0,0.0
AgL24,T,liq,MnO_liq,0.01,296.0,0.0291748046875,0.06603859566353462,0.19378662109375,0.231903076171875,0.4375,0.0,0.0029014381202491554,0.0,0.0,0.0
AgL24,T,liq,MnO_liq,0.02,296.0,0.0931396484375,0.13167551401499156,0.3211669921875,0.425323486328125,0.6375732421875,0.0,-0.0052411878431165545,0.0,0.0,0.0
AgL24,T,liq,MnO_liq,0.03,296.0,0.125,0.17771272401551944,0.4149169921875,0.547027587890625,0.917724609375,0.0,-0.021747279811549832,0.0,0.0,0.0
AgL24,T,liq,Na2O_liq,0.01,296.0,0.0972900390625,0.12438490584089949,0.2596435546875,0.34326171875,0.6688232421875,0.0,0.00016186688397381758,0.0,0.0,0.0
AgL24,T,liq,Na2O_liq,0.02,296.0,0.164794921875,0.20229463319520694,0.43157958984375,0.521942138671875,0.794921875,-0.0093994140625,0.00502983299461571,0.0,0.0,0.0
AgL24,T,liq,Na2O_liq,0.03,296.0,0.23724365234375,0.26240910710515203,0.5220947265625,0.6136474609375,0.925537109375,0.00830078125,0.009381268475506757,0.0,0.0,0.0
AgL24,T,liq,SiO2_liq,0.01,296.0,0.66680908203125,0.6948904089025549,1.275390625,1.42303466796875,2.0191650390625,0.01763916015625,0.02427281560124578,0.0,0.0,0.0
AgL24,T,liq,SiO2_liq,0.02,296.0,1.39697265625,1.4037452903953758,2.437744140625,2.73516845703125,3.176025390625,0.12811279296875,0.054580069877005914,0.0,0.0,0.0
AgL24,T,liq,SiO2_liq,0.03,296.0,2.15582275390625,2.157951561180321,3.707763671875,3.9525146484375,4.5751953125,-0.05450439453125,0.10464023899387669,0.0,0.0,0.0
AgL24,T,liq,TiO2_liq,0.01,296.0,0.1202392578125,0.14186323011243665,0.29278564453125,0.3524169921875,0.518310546875,0.0,0.00533294677734375,0.0,0.0,0.0
AgL24,T,liq,TiO2_liq,0.02,296.0,0.192138671875,0.2299856237463049,0.447998046875,0.527496337890625,0.8104248046875,0.01556396484375,0.022487124881228886,0.0,0.0,0.0
AgL24,T,liq,TiO2_liq,0.03,296.0,0.285400390625,0.31198470656936234,0.62890625,0.704071044921875,1.1072998046875,0.031005859375,0.03843915784681166,0.0,0.0,0.0
Chi23,P,cpx,Al2O3_cpx,0.005,296.0,0.0,0.010472972972972958,0.0999999999999996,0.1,0.1000000000000005,0.0,0.00033783783783783775,0.0,0.0,0.0
Chi23,P,cpx,Al2O3_cpx,0.01,296.0,0.0,0.01993243243243241,0.1,0.1,0.1000000000000005,0.0,0.004391891891891894,0.0,0.0,0.0
Chi23,P,cpx,CaO_cpx,0.005,295.0,0.0,0.027796610169491493,0.1,0.1,0.1000000000000005,0.0,0.004745762711864413,1.0,0.0,0.0
Chi23,P,cpx,CaO_cpx,0.01,292.0,0.0,0.0544520547945205,0.1,0.1999999999999997,0.3000000000000007,0.0,0.007191780821917813,4.0,0.0,0.0
Chi23,P,cpx,Cr2O3_cpx,0.005,296.0,0.0,0.0,0.0,0.0,0.0,0.0,0.0,0.0,0.0,278.0
Chi23,P,cpx,Cr2O3_cpx,0.01,296.0,0.0,0.0,0.0,0.0,0.0,0.0,0.0,0.0,0.0,278.0
Chi23,P,cpx,FeO_cpx,0.005,295.0,0.0,0.0,0.0,0.0,0.0,0.0,0.0,1.0,0.0,0.0
Chi23,P,cpx,FeO_cpx,0.01,295.0,0.0,0.0,0.0,0.0,0.0,0.0,0.0,1.0,0.0,0.0
Chi23,P,cpx,K2O_cpx,0.005,296.0,0.0,0.0,0.0,0.0,0.0,0.0,0.0,0.0,0.0,110.0
Chi23,P,cpx,K2O_cpx,0.01,296.0,0.0,0.0,0.0,0.0,0.0,0.0,0.0,0.0,0.0,110.0
Chi23,P,cpx,MgO_cpx,0.005,295.0,0.0,0.030847457627118612,0.1,0.1,0.2000000000000001,0.0,0.0023728813559322176,1.0,0.0,0.0
Chi23,P,cpx,MgO_cpx,0.01,294.0,0.0,0.05952380952380948,0.1000000000000005,0.2000000000000001,0.3000000000000007,0.0,0.0044217687074830075,2.0,0.0,0.0
Chi23,P,cpx,MnO_cpx,0.005,296.0,0.0,0.000675675675675673,0.0,0.0,0.0999999999999996,0.0,0.0,0.0,0.0,0.0
Chi23,P,cpx,MnO_cpx,0.01,296.0,0.0,0.0013513513513513473,0.0,0.0,0.1,0.0,1.4065325480893031e-18,0.0,0.0,0.0
Chi23,P,cpx,Na2O_cpx,0.005,296.0,0.0,0.009121621621621613,0.0,0.1,0.1000000000000005,0.0,0.0016891891891891945,0.0,0.0,0.0
Chi23,P,cpx,Na2O_cpx,0.01,296.0,0.0,0.015202702702702688,0.0999999999999996,0.1,0.1000000000000005,0.0,0.0030405405405405424,0.0,0.0,0.0
Chi23,P,cpx,NiO_cpx,0.005,296.0,0.0,0.0,0.0,0.0,0.0,0.0,0.0,0.0,0.0,268.0
Chi23,P,cpx,NiO_cpx,0.01,296.0,0.0,0.0,0.0,0.0,0.0,0.0,0.0,0.0,0.0,268.0
Chi23,P,cpx,SiO2_cpx,0.005,292.0,0.0999999999999996,0.06506849315068487,0.1000000000000005,0.2000000000000001,0.3000000000000007,0.0,0.0075342465753424695,4.0,0.0,0.0
Chi23,P,cpx,SiO2_cpx,0.01,288.0,0.1,0.1302083333333333,0.2999999999999998,0.3999999999999999,0.6000000000000005,0.0,0.008680555555555573,8.0,0.0,0.0
Chi23,P,cpx,TiO2_cpx,0.005,296.0,0.0,0.003040540540540538,0.0,0.0,0.1,0.0,0.0003378378378378376,0.0,0.0,0.0
Chi23,P,cpx,TiO2_cpx,0.01,296.0,0.0,0.0081081081081081,0.0,0.1,0.1000000000000005,0.0,0.0013513513513513484,0.0,0.0,0.0
Chi23,P,liq,Al2O3_liq,0.01,296.0,0.0999999046325683,0.06182432094135797,0.1000001430511474,0.1000001430511474,0.5,0.0,0.0043918941472027755,0.0,0.0,0.0
Chi23,P,liq,Al2O3_liq,0.02,296.0,0.1000001430511474,0.12601350972781306,0.2000000476837158,0.2000002861022949,1.0,0.0,0.002364851735733639,0.0,0.0,0.0
Chi23,P,liq,Al2O3_liq,0.03,296.0,0.2000000476837158,0.19020269811153412,0.3000001907348633,0.3000001907348633,1.5,0.0,0.007094586620459685,0.0,0.0,0.0
Chi23,P,liq,CaO_liq,0.01,296.0,0.0,0.018243245176366846,0.0999999046325683,0.1000001430511474,0.2000002861022949,0.0,0.0033783767674420307,0.0,0.0,0.0
Chi23,P,liq,CaO_liq,0.02,296.0,0.0,0.03817567954192288,0.1000001430511474,0.1000001430511474,0.3000001907348633,0.0,0.0037162142830926017,0.0,0.0,0.0
Chi23,P,liq,CaO_liq,0.03,296.0,0.0999999046325683,0.05405405566499037,0.1000001430511474,0.1000001430511474,0.5,0.0,0.005405403472281788,0.0,0.0,0.0
Chi23,P,liq,FeO_liq,0.01,296.0,0.0,0.0,0.0,0.0,0.0,0.0,0.0,0.0,0.0,0.0
Chi23,P,liq,FeO_liq,0.02,296.0,0.0,0.0,0.0,0.0,0.0,0.0,0.0,0.0,0.0,0.0
Chi23,P,liq,FeO_liq,0.03,296.0,0.0,0.0,0.0,0.0,0.0,0.0,0.0,0.0,0.0,0.0
Chi23,P,liq,K2O_liq,0.01,296.0,0.0,0.006756759173161272,0.0,0.0999999046325683,0.1000003814697265,0.0,8.054681726404139e-10,0.0,0.0,0.0
Chi23,P,liq,K2O_liq,0.02,296.0,0.0,0.013851353445568591,0.0999999046325683,0.1000001430511474,0.1000003814697265,0.0,0.00033783509924605086,0.0,0.0,0.0
Chi23,P,liq,K2O_liq,0.03,296.0,0.0,0.022297296975110015,0.0999999046325683,0.1000001430511474,0.1000003814697265,0.0,0.003378375156505685,0.0,0.0,0.0
Chi23,P,liq,MgO_liq,0.01,296.0,0.0,0.005743244209805047,0.0,0.0999999046325683,0.1000001430511474,0.0,0.0016891908001255337,0.0,0.0,0.0
Chi23,P,liq,MgO_liq,0.02,296.0,0.0,0.013175674386926592,0.0999999046325683,0.0999999046325683,0.1000001430511474,0.0,0.0016891908001255337,0.0,0.0,0.0
Chi23,P,liq,MgO_liq,0.03,296.0,0.0,0.021283785233626482,0.0999999046325683,0.1000001430511474,0.2000002861022949,0.0,0.002364866636894844,0.0,0.0,0.0
Chi23,P,liq,MnO_liq,0.01,296.0,0.0,0.0,0.0,0.0,0.0,0.0,0.0,0.0,0.0,0.0
Chi23,P,liq,MnO_liq,0.02,296.0,0.0,0.0,0.0,0.0,0.0,0.0,0.0,0.0,0.0,0.0
Chi23,P,liq,MnO_liq,0.03,296.0,0.0,0.0,0.0,0.0,0.0,0.0,0.0,0.0,0.0,0.0
Chi23,P,liq,Na2O_liq,0.01,296.0,0.0,0.02162162194380888,0.0999999046325683,0.1000001430511474,0.1000003814697265,0.0,0.005405400250409097,0.0,0.0,0.0
Chi23,P,liq,Na2O_liq,0.02,296.0,0.0,0.042905407177435365,0.1000001430511474,0.1000001430511474,0.2000002861022949,0.0,0.005067565151163047,0.0,0.0,0.0
Chi23,P,liq,Na2O_liq,0.03,296.0,0.0999999046325683,0.06114864913192953,0.1000001430511474,0.1000001430511474,0.3000001907348633,0.0,0.0023648650259584995,0.0,0.0,0.0
Chi23,P,liq,SiO2_liq,0.01,296.0,0.0,0.033445949490005886,0.1000001430511474,0.1000001430511474,0.3000001907348633,0.0,0.0016891948274663962,0.0,0.0,0.0
Chi23,P,liq,SiO2_liq,0.02,296.0,0.0999999046325683,0.06722972964918289,0.1000001430511474,0.1000003814697265,0.5999999046325684,0.0,0.004391887300723308,0.0,0.0,0.0
Chi23,P,liq,SiO2_liq,0.03,296.0,0.0999999046325683,0.09864864679607183,0.2000000476837158,0.2000000476837158,0.9000000953674316,0.0,0.0060810684352307735,0.0,0.0,0.0
Chi23,P,liq,TiO2_liq,0.01,296.0,0.0,0.0003378375156505686,0.0,0.0,0.0999999046325683,0.0,0.0003378375156505686,0.0,0.0,0.0
Chi23,P,liq,TiO2_liq,0.02,296.0,0.0,0.0003378375156505686,0.0,0.0,0.0999999046325683,0.0,0.0003378375156505686,0.0,0.0,0.0
Chi23,P,liq,TiO2_liq,0.03,296.0,0.0,0.0006756750313011372,0.0,0.0,0.0999999046325683,0.0,0.0,0.0,0.0,0.0
Chi23,T,cpx,Al2O3_cpx,0.005,296.0,0.0,0.07094594594594594,0.0,1.0,1.0,0.0,-0.010135135135135136,0.0,0.0,0.0
Chi23,T,cpx,Al2O3_cpx,0.01,296.0,0.0,0.17229729729729729,1.0,1.0,1.0,0.0,-0.0033783783783783786,0.0,0.0,0.0
Chi23,T,cpx,CaO_cpx,0.005,295.0,0.0,0.30847457627118646,1.0,1.0,2.0,0.0,0.010169491525423728,1.0,0.0,0.0
Chi23,T,cpx,CaO_cpx,0.01,292.0,1.0,0.6472602739726028,1.0,2.0,3.0,0.0,0.010273972602739725,4.0,0.0,0.0
Chi23,T,cpx,Cr2O3_cpx,0.005,296.0,0.0,0.0,0.0,0.0,0.0,0.0,0.0,0.0,0.0,278.0
Chi23,T,cpx,Cr2O3_cpx,0.01,296.0,0.0,0.0,0.0,0.0,0.0,0.0,0.0,0.0,0.0,278.0
Chi23,T,cpx,FeO_cpx,0.005,295.0,0.0,0.0,0.0,0.0,0.0,0.0,0.0,1.0,0.0,0.0
Chi23,T,cpx,FeO_cpx,0.01,295.0,0.0,0.0,0.0,0.0,0.0,0.0,0.0,1.0,0.0,0.0
Chi23,T,cpx,K2O_cpx,0.005,296.0,0.0,0.0,0.0,0.0,0.0,0.0,0.0,0.0,0.0,110.0
Chi23,T,cpx,K2O_cpx,0.01,296.0,0.0,0.0,0.0,0.0,0.0,0.0,0.0,0.0,0.0,110.0
Chi23,T,cpx,MgO_cpx,0.005,295.0,1.0,1.8915254237288135,4.0,4.0,6.0,0.0,0.07457627118644068,1.0,0.0,0.0
Chi23,T,cpx,MgO_cpx,0.01,294.0,3.0,3.7346938775510203,8.0,9.0,11.0,1.0,0.1836734693877551,2.0,0.0,0.0
Chi23,T,cpx,MnO_cpx,0.005,296.0,0.0,0.006756756756756757,0.0,0.0,1.0,0.0,0.0,0.0,0.0,0.0
Chi23,T,cpx,MnO_cpx,0.01,296.0,0.0,0.02027027027027027,0.0,0.0,1.0,0.0,0.0,0.0,0.0,0.0
Chi23,T,cpx,Na2O_cpx,0.005,296.0,0.0,0.10135135135135136,0.5,1.0,1.0,0.0,0.0,0.0,0.0,0.0
Chi23,T,cpx,Na2O_cpx,0.01,296.0,0.0,0.2533783783783784,1.0,1.0,1.0,0.0,-0.0033783783783783786,0.0,0.0,0.0
Chi23,T,cpx,NiO_cpx,0.005,296.0,0.0,0.0,0.0,0.0,0.0,0.0,0.0,0.0,0.0,268.0
Chi23,T,cpx,NiO_cpx,0.01,296.0,0.0,0.0,0.0,0.0,0.0,0.0,0.0,0.0,0.0,268.0
Chi23,T,cpx,SiO2_cpx,0.005,292.0,2.0,2.078767123287671,4.0,5.0,7.0,0.0,0.05821917808219178,4.0,0.0,0.0
Chi23,T,cpx,SiO2_cpx,0.01,288.0,4.0,4.128472222222222,9.0,10.0,13.0,0.0,0.15625,8.0,0.0,0.0
Chi23,T,cpx,TiO2_cpx,0.005,296.0,0.0,0.02702702702702703,0.0,0.0,1.0,0.0,-0.02027027027027027,0.0,0.0,0.0
Chi23,T,cpx,TiO2_cpx,0.01,296.0,0.0,0.060810810810810814,0.0,1.0,1.0,0.0,-0.013513513513513514,0.0,0.0,0.0
Chi23,T,liq,Al2O3_liq,0.01,296.0,0.0,0.44594594594594594,1.0,1.0,1.0,0.0,-0.013513513513513514,0.0,0.0,0.0
Chi23,T,liq,Al2O3_liq,0.02,296.0,1.0,0.8986486486486487,2.0,2.0,2.0,0.0,-0.0472972972972973,0.0,0.0,0.0
Chi23,T,liq,Al2O3_liq,0.03,296.0,1.0,1.3344594594594594,2.0,2.0,3.0,0.0,-0.07094594594594594,0.0,0.0,0.0
Chi23,T,liq,CaO_liq,0.01,296.0,0.0,0.40540540540540543,1.0,1.0,1.0,0.0,-0.02027027027027027,0.0,0.0,0.0
Chi23,T,liq,CaO_liq,0.02,296.0,1.0,0.8378378378378378,1.0,2.0,2.0,0.0,-0.006756756756756757,0.0,0.0,0.0
Chi23,T,liq,CaO_liq,0.03,296.0,1.0,1.2364864864864864,2.0,2.0,3.0,0.0,-0.013513513513513514,0.0,0.0,0.0
Chi23,T,liq,FeO_liq,0.01,296.0,0.0,0.0,0.0,0.0,0.0,0.0,0.0,0.0,0.0,0.0
Chi23,T,liq,FeO_liq,0.02,296.0,0.0,0.0,0.0,0.0,0.0,0.0,0.0,0.0,0.0,0.0
Chi23,T,liq,FeO_liq,0.03,296.0,0.0,0.0,0.0,0.0,0.0,0.0,0.0,0.0,0.0,0.0
Chi23,T,liq,K2O_liq,0.01,296.0,0.0,0.28040540540540543,1.0,1.0,1.0,0.0,0.0033783783783783786,0.0,0.0,0.0
Chi23,T,liq,K2O_liq,0.02,296.0,1.0,0.6081081081081081,1.0,1.0,2.0,0.0,0.033783783783783786,0.0,0.0,0.0
Chi23,T,liq,K2O_liq,0.03,296.0,1.0,0.875,2.0,2.0,2.0,0.0,0.030405405405405407,0.0,0.0,0.0
Chi23,T,liq,MgO_liq,0.01,296.0,0.0,0.05067567567567568,0.0,0.25,1.0,0.0,-0.0033783783783783786,0.0,0.0,0.0
Chi23,T,liq,MgO_liq,0.02,296.0,0.0,0.11824324324324324,1.0,1.0,1.0,0.0,-0.010135135135135136,0.0,0.0,0.0
Chi23,T,liq,MgO_liq,0.03,296.0,0.0,0.16216216216216217,1.0,1.0,1.0,0.0,-0.04054054054054054,0.0,0.0,0.0
Chi23,T,liq,MnO_liq,0.01,296.0,0.0,0.0,0.0,0.0,0.0,0.0,0.0,0.0,0.0,0.0
Chi23,T,liq,MnO_liq,0.02,296.0,0.0,0.0,0.0,0.0,0.0,0.0,0.0,0.0,0.0,0.0
Chi23,T,liq,MnO_liq,0.03,296.0,0.0,0.0,0.0,0.0,0.0,0.0,0.0,0.0,0.0,0.0
Chi23,T,liq,Na2O_liq,0.01,296.0,0.0,0.09797297297297297,0.0,1.0,1.0,0.0,-0.02364864864864865,0.0,0.0,0.0
Chi23,T,liq,Na2O_liq,0.02,296.0,0.0,0.23986486486486486,1.0,1.0,1.0,0.0,-0.016891891891891893,0.0,0.0,0.0
Chi23,T,liq,Na2O_liq,0.03,296.0,0.0,0.36824324324324326,1.0,1.0,2.0,0.0,0.0033783783783783786,0.0,0.0,0.0
Chi23,T,liq,SiO2_liq,0.01,296.0,0.0,0.4966216216216216,1.0,1.0,2.0,0.0,-0.016891891891891893,0.0,0.0,0.0
Chi23,T,liq,SiO2_liq,0.02,296.0,1.0,0.9932432432432432,2.0,2.0,4.0,0.0,-0.006756756756756757,0.0,0.0,0.0
Chi23,T,liq,SiO2_liq,0.03,296.0,2.0,1.5202702702702702,2.0,3.0,6.0,0.0,0.013513513513513514,0.0,0.0,0.0
Chi23,T,liq,TiO2_liq,0.01,296.0,0.0,0.02364864864864865,0.0,0.0,1.0,0.0,-0.0033783783783783786,0.0,0.0,0.0
Chi23,T,liq,TiO2_liq,0.02,296.0,0.0,0.05405405405405406,0.0,1.0,1.0,0.0,-0.013513513513513514,0.0,0.0,0.0
Chi23,T,liq,TiO2_liq,0.03,296.0,0.0,0.0777027027027027,0.0,1.0,1.0,0.0,-0.030405405405405407,0.0,0.0,0.0
Jor22,P,cpx,Al2O3_cpx,0.005,296.0,0.0,0.027112894144144126,0.08229166666666671,0.14895833333333333,0.4850000000000003,0.0,0.0002913851351351267,0.0,0.0,0.0
Jor22,P,cpx,Al2O3_cpx,0.01,296.0,0.0074999999999999,0.05554251126126124,0.18916666666666665,0.24206249999999999,0.5482499999999999,0.0,0.010574605855855868,0.0,0.0,0.0
Jor22,P,cpx,CaO_cpx,0.005,295.0,0.0067500000000002,0.04284293785310733,0.13874999999999993,0.1955,0.4850000000000003,0.0,0.001913559322033893,1.0,0.0,0.0
Jor22,P,cpx,CaO_cpx,0.01,292.0,0.02416666666666665,0.07178909817351597,0.21300000000000052,0.30685833333333346,0.4925000000000001,0.0,0.014410673515981732,4.0,0.0,0.0
Jor22,P,cpx,Cr2O3_cpx,0.005,296.0,0.0,0.0,0.0,0.0,0.0,0.0,0.0,0.0,0.0,278.0
Jor22,P,cpx,Cr2O3_cpx,0.01,296.0,0.0,0.00025337837837837736,0.0,0.0,0.0749999999999997,0.0,-0.00025337837837837736,0.0,0.0,278.0
Jor22,P,cpx,FeO_cpx,0.005,295.0,0.0,0.010481638418079083,0.027000000000000177,0.06229166666666636,0.2133333333333338,0.0,0.00020932203389830686,1.0,0.0,0.0
Jor22,P,cpx,FeO_cpx,0.01,295.0,0.0,0.02217627118644066,0.0790000000000001,0.13345833333333332,0.4850000000000003,0.0,-0.0011384180790960468,1.0,0.0,0.0
Jor22,P,cpx,K2O_cpx,0.005,296.0,0.0,0.0,0.0,0.0,0.0,0.0,0.0,0.0,0.0,110.0
Jor22,P,cpx,K2O_cpx,0.01,296.0,0.0,0.0,0.0,0.0,0.0,0.0,0.0,0.0,0.0,110.0
Jor22,P,cpx,MgO_cpx,0.005,295.0,0.0,0.010884180790960454,0.0249999999999999,0.05379166666666643,0.4850000000000003,0.0,-0.0027830508474576284,1.0,0.0,0.0
Jor22,P,cpx,MgO_cpx,0.01,294.0,0.0,0.020733560090702947,0.06308333333333326,0.12580416666666627,0.4850000000000003,0.0,0.0010731292517006806,2.0,0.0,0.0
Jor22,P,cpx,MnO_cpx,0.005,296.0,0.0,0.0022125563063062994,0.0,0.001874999999999775,0.1558333333333332,0.0,-0.000557150900900896,0.0,0.0,0.0
Jor22,P,cpx,MnO_cpx,0.01,296.0,0.0,0.0064183558558558555,0.00333333333333315,0.031249999999999774,0.2875000000000001,0.0,0.0005579954954955012,0.0,0.0,0.0
Jor22,P,cpx,Na2O_cpx,0.005,296.0,0.0,0.0161706081081081,0.0499999999999998,0.07827083333333315,0.4850000000000003,0.0,-0.0015895270270270302,0.0,0.0,0.0
Jor22,P,cpx,Na2O_cpx,0.01,296.0,0.0,0.028577421171171173,0.0900000000000003,0.15547916666666659,0.4850000000000003,0.0,0.001242961711711717,0.0,0.0,0.0
Jor22,P,cpx,NiO_cpx,0.005,296.0,0.0,0.0,0.0,0.0,0.0,0.0,0.0,0.0,0.0,268.0
Jor22,P,cpx,NiO_cpx,0.01,296.0,0.0,0.0,0.0,0.0,0.0,0.0,0.0,0.0,0.0,268.0
Jor22,P,cpx,SiO2_cpx,0.005,292.0,0.0049999999999998,0.051387271689497686,0.18150000000000002,0.23483333333333356,0.7374999999999998,0.0,0.004863299086757993,4.0,0.0,0.0
Jor22,P,cpx,SiO2_cpx,0.01,288.0,0.0250000000000003,0.08527835648148147,0.2612500000000004,0.3450000000000002,0.7958333333333338,0.0,-0.006647569444444424,8.0,0.0,0.0
Jor22,P,cpx,TiO2_cpx,0.005,296.0,0.0,0.01018524774774774,0.02416666666666685,0.0700000000000002,0.2666666666666666,0.0,0.00023592342342342856,0.0,0.0,0.0
Jor22,P,cpx,TiO2_cpx,0.01,296.0,0.0,0.015693130630630624,0.04583333333333335,0.09491666666666668,0.3666666666666667,0.0,-0.003733671171171166,0.0,0.0,0.0
Jor22,P,liq,Al2O3_liq,0.01,296.0,0.020833333333333252,0.0736886261261261,0.21787499999999999,0.2709166666666665,0.5,0.0,0.006422297297297297,0.0,0.0,0.0
Jor22,P,liq,Al2O3_liq,0.02,296.0,0.06708333333333355,0.14168018018018017,0.37541666666666673,0.47549999999999987,0.7958333333333338,0.0,0.015447072072072071,0.0,0.0,0.0
Jor22,P,liq,Al2O3_liq,0.03,296.0,0.13249999999999978,0.19783445945945946,0.4633333333333336,0.5762499999999998,1.2393333333333332,0.0,0.02451689189189191,0.0,0.0,0.0
Jor22,P,liq,CaO_liq,0.01,296.0,0.0,0.009399211711711703,0.03795833333333305,0.07018750000000022,0.1558333333333332,0.0,-0.0008423423423423418,0.0,0.0,0.0
Jor22,P,liq,CaO_liq,0.02,296.0,0.0,0.020104448198198177,0.06837499999999999,0.11856250000000007,0.3333333333333335,0.0,-0.0009884572072072074,0.0,0.0,0.0
Jor22,P,liq,CaO_liq,0.03,296.0,0.0,0.029532094594594577,0.09812500000000005,0.15854166666666653,0.5059999999999998,0.0,0.004969031531531535,0.0,0.0,0.0
Jor22,P,liq,FeO_liq,0.01,296.0,0.0,0.015006193693693697,0.044958333333333406,0.08368750000000019,0.4850000000000003,0.0,0.0019082207207207192,0.0,0.0,0.0
Jor22,P,liq,FeO_liq,0.02,296.0,0.0,0.01882826576576576,0.0650000000000001,0.10895833333333345,0.2666666666666666,0.0,0.0025450450450450355,0.0,0.0,0.0
Jor22,P,liq,FeO_liq,0.03,296.0,0.0,0.028344594594594597,0.09983333333333336,0.15137499999999982,0.3566666666666669,0.0,0.0018018018018018003,0.0,0.0,0.0
Jor22,P,liq,K2O_liq,0.01,296.0,0.0,0.014294763513513505,0.04074999999999955,0.09187500000000025,0.4850000000000003,0.0,-0.0028589527027027013,0.0,0.0,0.0
Jor22,P,liq,K2O_liq,0.02,296.0,0.0,0.021718186936936928,0.0729166666666665,0.1334374999999996,0.4850000000000003,0.0,-0.0034715653153153062,0.0,0.0,0.0
Jor22,P,liq,K2O_liq,0.03,296.0,0.0,0.03204222972972972,0.11858333333333365,0.16791666666666646,0.4850000000000003,0.0,-0.00411486486486485,0.0,0.0,0.0
Jor22,P,liq,MgO_liq,0.01,296.0,0.0,0.005539414414414404,0.0045833333333333,0.020125000000000125,0.2133333333333338,0.0,-0.00046734234234233833,0.0,0.0,0.0
Jor22,P,liq,MgO_liq,0.02,296.0,0.0,0.010122466216216206,0.013333333333333149,0.0756249999999998,0.3063333333333342,0.0,-0.0003493806306306297,0.0,0.0,0.0
Jor22,P,liq,MgO_liq,0.03,296.0,0.0,0.01497156531531531,0.04083333333333325,0.08625,0.4000000000000003,0.0,0.00019960585585585374,0.0,0.0,0.0
Jor22,P,liq,MnO_liq,0.01,296.0,0.0,0.00870523648648648,0.02258333333333335,0.0591874999999999,0.2000833333333336,0.0,0.0034670608108108105,0.0,0.0,0.0
Jor22,P,liq,MnO_liq,0.02,296.0,0.0,0.01644200450450449,0.06049999999999995,0.10874999999999985,0.2225000000000001,0.0,0.0034296171171171153,0.0,0.0,0.0
Jor22,P,liq,MnO_liq,0.03,296.0,0.0,0.027540259009009003,0.09812500000000005,0.1666666666666665,0.3333333333333335,0.0,0.007235078828828831,0.0,0.0,0.0
Jor22,P,liq,Na2O_liq,0.01,296.0,0.0,0.03455855855855852,0.12187500000000015,0.1666666666666665,0.5613333333333341,0.0,-5.461711711710585e-05,0.0,0.0,0.0
Jor22,P,liq,Na2O_liq,0.02,296.0,0.00666666666666655,0.04970129504504503,0.16583333333333325,0.22270833333333345,0.6163333333333343,0.0,-0.0003223536036036045,0.0,0.0,0.0
Jor22,P,liq,Na2O_liq,0.03,296.0,0.0170833333333335,0.0628079954954955,0.19083333333333358,0.2408333333333336,0.6163333333333343,0.0,0.002350225225225226,0.0,0.0,0.0
Jor22,P,liq,SiO2_liq,0.01,296.0,0.0,0.024943130630630618,0.0741666666666667,0.15024999999999988,0.4850000000000003,0.0,-0.0007139639639639576,0.0,0.0,0.0
Jor22,P,liq,SiO2_liq,0.02,296.0,0.00579166666666635,0.044607545045045015,0.1537499999999998,0.20583333333333326,0.6666666666666665,0.0,0.010882882882882874,0.0,0.0,0.0
Jor22,P,liq,SiO2_liq,0.03,296.0,0.020000000000000198,0.06116497747747745,0.17816666666666656,0.23454166666666626,1.233333333333333,0.0,0.00934177927927927,0.0,0.0,0.0
Jor22,P,liq,TiO2_liq,0.01,296.0,0.0,0.006854448198198196,0.0,0.026083333333333326,0.4850000000000003,0.0,-0.0031416103603603626,0.0,0.0,0.0
Jor22,P,liq,TiO2_liq,0.02,296.0,0.0,0.013371058558558552,0.0213333333333334,0.0749999999999997,0.4850000000000003,0.0,-0.004908783783783788,0.0,0.0,0.0
Jor22,P,liq,TiO2_liq,0.03,296.0,0.0,0.018591779279279276,0.044958333333333406,0.13406249999999995,0.4850000000000003,0.0,-0.0033310810810810816,0.0,0.0,0.0
Jor22,T,cpx,Al2O3_cpx,0.005,296.0,0.0,0.1159909909909915,0.0,1.25,5.416666666666743,0.0,-0.02364864864864942,0.0,0.0,0.0
Jor22,T,cpx,Al2O3_cpx,0.01,296.0,0.0,0.21086711711711775,0.8333333333333712,1.6666666666666288,5.416666666666743,0.0,0.023930180180178773,0.0,0.0,0.0
Jor22,T,cpx,CaO_cpx,0.005,295.0,0.0,0.2449152542372893,0.9333333333333522,2.5,5.416666666666743,0.0,0.02401129943502838,1.0,0.0,0.0
Jor22,T,cpx,CaO_cpx,0.01,292.0,0.0,0.36729452054794637,1.3250000000001392,2.5,6.166666666666743,0.0,0.05565068493150724,4.0,0.0,0.0
Jor22,T,cpx,Cr2O3_cpx,0.005,296.0,0.0,0.0,0.0,0.0,0.0,0.0,0.0,0.0,0.0,278.0
Jor22,T,cpx,Cr2O3_cpx,0.01,296.0,0.0,0.0,0.0,0.0,0.0,0.0,0.0,0.0,0.0,278.0
Jor22,T,cpx,FeO_cpx,0.005,295.0,0.0,0.13107344632768425,0.0,0.9583333333333646,4.666666666666743,0.0,0.04576271186440639,1.0,0.0,0.0
Jor22,T,cpx,FeO_cpx,0.01,295.0,0.0,0.24802259887005676,1.0833333333333712,1.666666666666663,5.0,0.0,0.027683615819209303,1.0,0.0,0.0
Jor22,T,cpx,K2O_cpx,0.005,296.0,0.0,0.0,0.0,0.0,0.0,0.0,0.0,0.0,0.0,110.0
Jor22,T,cpx,K2O_cpx,0.01,296.0,0.0,0.0,0.0,0.0,0.0,0.0,0.0,0.0,0.0,110.0
Jor22,T,cpx,MgO_cpx,0.005,295.0,0.0,0.15367231638417977,0.0,1.25,4.166666666666629,0.0,0.011864406779661017,1.0,0.0,0.0
Jor22,T,cpx,MgO_cpx,0.01,294.0,0.0,0.2854308390022659,1.25,2.5,4.166666666666629,0.0,-0.012755102040816714,2.0,0.0,0.0
Jor22,T,cpx,MnO_cpx,0.005,296.0,0.0,0.03800675675675676,0.0,0.0,4.166666666666629,0.0,0.023930180180179925,0.0,0.0,0.0
Jor22,T,cpx,MnO_cpx,0.01,296.0,0.0,0.06981981981981969,0.0,0.0,4.166666666666629,0.0,0.022522522522521626,0.0,0.0,0.0
Jor22,T,cpx,Na2O_cpx,0.005,296.0,0.0,0.07826576576576602,0.0,0.5000000000000568,2.5,0.0,-0.04110360360360386,0.0,0.0,0.0
Jor22,T,cpx,Na2O_cpx,0.01,296.0,0.0,0.15343468468468494,0.3333333333333144,1.25,5.0,0.0,-0.025619369369369115,0.0,0.0,0.0
Jor22,T,cpx,NiO_cpx,0.005,296.0,0.0,0.0,0.0,0.0,0.0,0.0,0.0,0.0,0.0,268.0
Jor22,T,cpx,NiO_cpx,0.01,296.0,0.0,0.0,0.0,0.0,0.0,0.0,0.0,0.0,0.0,268.0
Jor22,T,cpx,SiO2_cpx,0.005,292.0,0.0,0.40353881278538906,1.6666666666667311,2.7249999999999943,5.0,0.0,0.06963470319634639,4.0,0.0,0.0
Jor22,T,cpx,SiO2_cpx,0.01,288.0,0.0,0.6874999999999996,2.5,3.333333333333257,7.5,0.0,0.11660879629629722,8.0,0.0,0.0
Jor22,T,cpx,TiO2_cpx,0.005,296.0,0.0,0.0337837837837834,0.0,0.0,3.333333333333257,0.0,0.014076576576576448,0.0,0.0,0.0
Jor22,T,cpx,TiO2_cpx,0.01,296.0,0.0,0.07685810810810811,0.0,0.4999999999999715,3.333333333333257,0.0,-0.0008445945945945946,0.0,0.0,0.0
Jor22,T,liq,Al2O3_liq,0.01,296.0,0.0,1.0933277027027024,3.3333333333333712,5.0,7.5,0.0,-0.008868243243243628,0.0,0.0,0.0
Jor22,T,liq,Al2O3_liq,0.02,296.0,1.25,2.011965090090091,5.0,6.354166666666657,12.5,0.0,0.26872184684684636,0.0,0.0,0.0
Jor22,T,liq,Al2O3_liq,0.03,296.0,2.5,2.8968186936936933,6.875000000000057,8.5625,19.75,0.0,0.4117398648648633,0.0,0.0,0.0
Jor22,T,liq,CaO_liq,0.01,296.0,0.0,0.41807432432432395,1.6666666666666856,2.5,5.0,0.0,0.041385135135133984,0.0,0.0,0.0
Jor22,T,liq,CaO_liq,0.02,296.0,0.0,0.6235923423423425,2.5,2.7499999999999716,5.416666666666743,0.0,0.053772522522520856,0.0,0.0,0.0
Jor22,T,liq,CaO_liq,0.03,296.0,0.0,0.7640765765765772,2.5,3.333333333333257,6.666666666666743,0.0,0.055743243243244395,0.0,0.0,0.0
Jor22,T,liq,FeO_liq,0.01,296.0,0.0,0.6100788288288286,2.5,3.333333333333257,7.5,0.0,-0.0019707207207220008,0.0,0.0,0.0
Jor22,T,liq,FeO_liq,0.02,296.0,0.0,0.9954954954954953,3.333333333333257,4.874999999999943,8.75,0.0,-0.0011261261261270223,0.0,0.0,0.0
Jor22,T,liq,FeO_liq,0.03,296.0,0.0,1.2642173423423428,3.875,5.0,8.75,0.0,-0.07868806306306408,0.0,0.0,0.0
Jor22,T,liq,K2O_liq,0.01,296.0,0.0,0.7145270270270274,2.5,3.75,7.5,0.0,0.07995495495495329,0.0,0.0,0.0
Jor22,T,liq,K2O_liq,0.02,296.0,0.0,1.0947353603603613,3.3333333333333712,5.0,10.0,0.0,-0.0632038288288301,0.0,0.0,0.0
Jor22,T,liq,K2O_liq,0.03,296.0,0.8333333333332575,1.6454110360360354,5.0,6.354166666666657,10.0,0.0,-0.084881756756756,0.0,0.0,0.0
Jor22,T,liq,MgO_liq,0.01,296.0,0.0,0.7836430180180177,2.5,3.75,10.0,0.0,-0.0860078828828834,0.0,0.0,0.0
Jor22,T,liq,MgO_liq,0.02,296.0,0.0,1.1959459459459447,3.75,5.0,10.0,0.0,-0.1227477477477471,0.0,0.0,0.0
Jor22,T,liq,MgO_liq,0.03,296.0,0.8333333333333144,1.6910191441441433,5.0,6.5,10.0,0.0,-0.3613457207207201,0.0,0.0,0.0
Jor22,T,liq,MnO_liq,0.01,296.0,0.0,0.06362612612612664,0.0,0.0,5.416666666666743,0.0,-0.006193693693693438,0.0,0.0,0.0
Jor22,T,liq,MnO_liq,0.02,296.0,0.0,0.12978603603603667,0.0,1.25,5.416666666666743,0.0,-0.03856981981981969,0.0,0.0,0.0
Jor22,T,liq,MnO_liq,0.03,296.0,0.0,0.20720720720720812,0.4166666666667424,1.25,6.25,0.0,-0.08783783783783745,0.0,0.0,0.0
Jor22,T,liq,Na2O_liq,0.01,296.0,0.0,0.17637950450450388,0.0,1.3541666666666572,5.0,0.0,0.029138513513514666,0.0,0.0,0.0
Jor22,T,liq,Na2O_liq,0.02,296.0,0.0,0.31996058558558416,1.25,2.5,5.0,0.0,0.074746621621622,0.0,0.0,0.0
Jor22,T,liq,Na2O_liq,0.03,296.0,0.0,0.3796452702702699,1.4999999999999432,2.5,5.0,0.0,0.08206644144144208,0.0,0.0,0.0
Jor22,T,liq,SiO2_liq,0.01,296.0,2.5,3.133164414414415,7.5,11.34375,16.25,0.0,-0.044763513513513896,0.0,0.0,0.0
Jor22,T,liq,SiO2_liq,0.02,296.0,3.75,5.5105574324324325,13.541666666666686,18.41666666666663,25.25,0.0,0.27012950450450196,0.0,0.0,0.0
Jor22,T,liq,SiO2_liq,0.03,296.0,6.25,8.007319819819823,20.0,23.541666666666686,38.0,0.0,0.7511261261261243,0.0,0.0,0.0
Jor22,T,liq,TiO2_liq,0.01,296.0,0.0,0.12274774774774865,0.0,1.1874999999999716,3.3333333333333712,0.0,-0.03603603603603591,0.0,0.0,0.0
Jor22,T,liq,TiO2_liq,0.02,296.0,0.0,0.3136261261261278,1.25,1.7708333333333997,6.25,0.0,-0.08502252252252393,0.0,0.0,0.0
Jor22,T,liq,TiO2_liq,0.03,296.0,0.0,0.4375000000000008,1.4166666666667425,2.5,6.25,0.0,-0.16441441441441543,0.0,0.0,0.0
NP17,P,cpx,Al2O3_cpx,0.005,296.0,0.00585908811210165,0.006340673645939441,0.008263731403022851,0.008667428943884775,0.0523666549894574,-7.797961405499841e-07,-2.7318770631289913e-05,0.0,0.0,0.0
NP17,P,cpx,Al2O3_cpx,0.01,296.0,0.0117182918994771,0.012701184768098001,0.01652744893365635,0.017330708363105324,0.115955868436929,-3.119253957350153e-06,-0.00011447530845462723,0.0,0.0,0.0
NP17,P,cpx,CaO_cpx,0.005,295.0,0.0314767557862722,0.13856119020373234,0.056016310807464754,0.07468273773898629,10.327806202425846,0.0286645668846006,0.035403814974510416,1.0,0.0,0.0
NP17,P,cpx,CaO_cpx,0.01,292.0,0.06320037078853595,0.28009675481727225,0.12273645233423114,0.16445469886405426,10.773144855742483,0.05764352057266815,0.13840724754492673,4.0,0.0,0.0
NP17,P,cpx,Cr2O3_cpx,0.005,296.0,0.0,1.0768996926634677e-07,0.0,4.7074913389621997e-07,9.280262421640371e-06,0.0,-8.08242361869882e-14,0.0,0.0,278.0
NP17,P,cpx,Cr2O3_cpx,0.01,296.0,0.0,2.1537993844267546e-07,0.0,9.414982420352658e-07,1.856054761972814e-05,0.0,-3.2323093148702916e-13,0.0,0.0,278.0
NP17,P,cpx,FeO_cpx,0.005,295.0,0.0,0.0,0.0,0.0,0.0,0.0,0.0,1.0,0.0,0.0
NP17,P,cpx,FeO_cpx,0.01,295.0,0.0,0.0,0.0,0.0,0.0,0.0,0.0,1.0,0.0,0.0
NP17,P,cpx,K2O_cpx,0.005,296.0,6.826232858969661e-07,2.0733383364222754e-06,4.675800745701508e-06,7.414048820209018e-06,3.373582959831367e-05,0.0,-9.942299236150894e-12,0.0,0.0,110.0
NP17,P,cpx,K2O_cpx,0.01,296.0,1.3652465717939322e-06,4.1466766761152085e-06,9.35160153936465e-06,1.4828083446438711e-05,6.747197867795762e-05,0.0,-3.976908292169835e-11,0.0,0.0,110.0
NP17,P,cpx,MgO_cpx,0.005,295.0,0.0040085268245348,0.00612300749483677,0.004830069011754954,0.012241786518564945,0.2072187486544834,0.0008756069476216,-0.0004143898784686377,1.0,0.0,0.0
NP17,P,cpx,MgO_cpx,0.01,294.0,0.008025744979860801,0.11029793943404363,0.011768885579979738,0.03588396191110109,9.947859835410496,0.0030956402934947,0.03305495084827761,2.0,0.0,0.0
NP17,P,cpx,MnO_cpx,0.005,296.0,5.1618250667573307e-05,8.793329182710942e-05,7.931887516576808e-05,0.000360585304800725,0.001161870496368,1.8804335866207111e-10,-1.9075288699557705e-08,0.0,0.0,0.0
NP17,P,cpx,MnO_cpx,0.01,296.0,0.00010323644900895,0.00017586683875414185,0.0001586377142306,0.0007211669119984001,0.0023279207427027,7.521734346482845e-10,-7.630263687148108e-08,0.0,0.0,0.0
NP17,P,cpx,Na2O_cpx,0.005,296.0,0.0008911480840153999,0.005028188561096251,0.028959467307014798,0.029938440251291824,0.0318912289164039,5.070553045000885e-08,-1.2931291646520933e-05,0.0,0.0,0.0
NP17,P,cpx,Na2O_cpx,0.01,296.0,0.00178229563812765,0.010056330015923914,0.057918324154857495,0.060035615036666524,0.0639335671534624,2.028221270999409e-07,-5.174119967654111e-05,0.0,0.0,0.0
NP17,P,cpx,NiO_cpx,0.005,296.0,0.0,0.0,0.0,0.0,0.0,0.0,0.0,0.0,0.0,268.0
NP17,P,cpx,NiO_cpx,0.01,296.0,0.0,0.0,0.0,0.0,0.0,0.0,0.0,0.0,0.0,268.0
NP17,P,cpx,SiO2_cpx,0.005,292.0,0.030401144900299153,0.03154277280987697,0.031412854540420525,0.033511237353658255,0.3765170285358845,0.0065169541478863995,-0.0005657836728244264,4.0,0.0,0.0
NP17,P,cpx,SiO2_cpx,0.01,288.0,0.060866023681471745,0.1645803900968427,0.06289455509659658,0.07038183742296221,10.35267719841217,0.01485526757138795,0.03721143362182136,8.0,0.0,0.0
NP17,P,cpx,TiO2_cpx,0.005,296.0,0.00036804084427534997,0.00048370327721900864,0.0006898114422266501,0.0008670294928836,0.0076345645099991,2.9164226589103906e-10,-6.056417521593373e-07,0.0,0.0,0.0
NP17,P,cpx,TiO2_cpx,0.01,296.0,0.0007360804861633,0.0009674711357359065,0.0013795183398972,0.0017336106277281,0.0154544573978636,1.16654685911044e-09,-2.4251582311488727e-06,0.0,0.0,0.0
NP17,P,liq,Al2O3_liq,0.01,296.0,0.1084471911111562,0.10742655183460831,0.11822805380677565,0.11983364165476383,0.1291453630850849,-0.0001268002432021978,-0.00016597527228706216,0.0,0.0,0.0
NP17,P,liq,Al2O3_liq,0.02,296.0,0.2169576901310672,0.21485347791894055,0.23663680033459,0.23981680751402099,0.2588830029401512,-0.0005072039289739372,-0.0006638783320541896,0.0,0.0,0.0
NP17,P,liq,Al2O3_liq,0.03,296.0,0.3248881083415234,0.32228115004622954,0.3545855216920326,0.35967668348473636,0.3892169867921091,-0.0011412199259499545,-0.0014936408417065622,0.0,0.0,0.0
NP17,P,liq,CaO_liq,0.01,296.0,0.017290036142064452,0.016442090914537792,0.02220429315838875,0.022985321655207974,0.0244521903913863,9.8559263990005e-07,1.5375058870163902e-05,0.0,0.0,0.0
NP17,P,liq,CaO_liq,0.02,296.0,0.0345808488044778,0.03288424949444414,0.044437073774832705,0.0459460109225111,0.0489604675072197,3.942371023449645e-06,6.149983715496936e-05,0.0,0.0,0.0
NP17,P,liq,CaO_liq,0.03,296.0,0.051871916185858,0.0493265434543704,0.066724297045259,0.06888991764124938,0.0735250218063887,8.870336538600171e-06,0.00013837313864965877,0.0,0.0,0.0
NP17,P,liq,FeO_liq,0.01,296.0,0.0,0.0,0.0,0.0,0.0,0.0,0.0,0.0,0.0,0.0
NP17,P,liq,FeO_liq,0.02,296.0,0.0,0.0,0.0,0.0,0.0,0.0,0.0,0.0,0.0,0.0
NP17,P,liq,FeO_liq,0.03,296.0,0.0,0.0,0.0,0.0,0.0,0.0,0.0,0.0,0.0,0.0
NP17,P,liq,K2O_liq,0.01,296.0,0.0238655483750593,0.025558693798100128,0.0397767883077602,0.04228175022322508,0.0517969111717455,1.5543556777050486e-05,4.1397945385886766e-05,0.0,0.0,0.0
NP17,P,liq,K2O_liq,0.02,296.0,0.047712357095076305,0.05111714259938644,0.07957155103491725,0.08441368537649269,0.1037744694958942,6.217426131959955e-05,0.00016559213895102606,0.0,0.0,0.0
NP17,P,liq,K2O_liq,0.03,296.0,0.0716054811485955,0.07667510140466978,0.1193838739077741,0.12641245909367477,0.1559318397827374,0.00013989221627964954,0.0003725836529233039,0.0,0.0,0.0
NP17,P,liq,MgO_liq,0.01,296.0,0.00790933493748145,0.007400611016204919,0.011511258482551402,0.012555091602019574,0.013450703751471,-6.441661851042114e-06,2.2377571464546705e-06,0.0,0.0,0.0
NP17,P,liq,MgO_liq,0.02,296.0,0.01581934801170165,0.014801361028474706,0.0230225083934274,0.0251025877969757,0.026918945303719,-2.577274579174116e-05,8.950109264922997e-06,0.0,0.0,0.0
NP17,P,liq,MgO_liq,0.03,296.0,0.0237376300741498,0.022202302119413774,0.034533770230608246,0.037642515843461205,0.0404047585016833,-5.801155911155931e-05,2.013429654445464e-05,0.0,0.0,0.0
NP17,P,liq,MnO_liq,0.01,296.0,0.0003776867763507,0.0003372088236233833,0.00041484875013869996,0.000417118178766875,0.0004308716345864,3.0819000684800812e-09,6.5064670554490875e-09,0.0,0.0,0.0
NP17,P,liq,MnO_liq,0.02,296.0,0.0007553736068679001,0.0006744176479422412,0.0008296977456017001,0.000834227930806825,0.0008617597463458,1.2327590059868498e-08,2.6025868052074757e-08,0.0,0.0,0.0
NP17,P,liq,MnO_liq,0.03,296.0,0.0011330604922869499,0.0010116264736544276,0.0012445469873476,0.0012513292571212,0.0012926643362116,2.7737076649997827e-08,5.855820350129224e-08,0.0,0.0,0.0
NP17,P,liq,Na2O_liq,0.01,296.0,0.03920532073949,0.036453544040954806,0.05037669441264775,0.0517031792313973,0.0569275558541928,0.000403449540725,0.0001629650799043233,0.0,0.0,0.0
NP17,P,liq,Na2O_liq,0.02,296.0,0.07817943176757611,0.07290820202732515,0.100752051660371,0.1036337086958141,0.1140731434667037,0.0016139956064268953,0.000651893855243203,0.0,0.0,0.0
NP17,P,liq,Na2O_liq,0.03,296.0,0.116912291686702,0.10937658856456652,0.15112489756216085,0.15579046851286435,0.1714356553166647,0.00363223093793815,0.0014668869989476459,0.0,0.0,0.0
NP17,P,liq,SiO2_liq,0.01,296.0,0.1416497317292249,0.14483847448309287,0.1673830449019142,0.1721669667038505,0.186658781596348,0.0007318909933102941,0.0010284302510259048,0.0,0.0,0.0
NP17,P,liq,SiO2_liq,0.02,296.0,0.28266958369292133,0.2897192984785134,0.3329419184980047,0.343263638065691,0.3764569889492,0.0029278634169803003,0.004114295442379641,0.0,0.0,0.0
NP17,P,liq,SiO2_liq,0.03,296.0,0.42376363247704685,0.43468486034854675,0.5008873592372471,0.5183679331593198,0.5694709696434996,0.006588815897396572,0.0092593196793404,0.0,0.0,0.0
NP17,P,liq,TiO2_liq,0.01,296.0,0.00135942460876665,0.0013175989736487774,0.0014905716488398,0.0015121716195377,0.0015849459738745,-5.183127578250015e-06,-9.435770740293864e-07,0.0,0.0,0.0
NP17,P,liq,TiO2_liq,0.02,296.0,0.0027188500373820004,0.0026352386241626185,0.0029811388439333498,0.003024241558079175,0.0031876665934564,-2.0735616380399978e-05,-3.7749139355232892e-06,0.0,0.0,0.0
NP17,P,liq,TiO2_liq,0.03,296.0,0.0040780742053096505,0.003952959676622428,0.0044717016291895,0.0045362243578921995,0.0048085253419998,-4.666679077344987e-05,-8.495828701910277e-06,0.0,0.0,0.0
Pet20,P,cpx,Al2O3_cpx,0.005,296.0,0.0114599999999995,0.01763301158301155,0.0464057142857141,0.0632307142857142,0.1286114285714275,0.0,0.0022377413127412835,0.0,0.0,0.0
Pet20,P,cpx,Al2O3_cpx,0.01,296.0,0.0199399999999996,0.029559218146718053,0.07125857142857225,0.08357357142857143,0.1573885714285721,0.0,0.005089662162162154,0.0,0.0,0.0
Pet20,P,cpx,CaO_cpx,0.005,295.0,0.0218142857142851,0.03347956416464882,0.07142857142857074,0.10607142857142769,0.260585714285714,0.0028542857142861,0.0015461210653753788,1.0,0.0,0.0
Pet20,P,cpx,CaO_cpx,0.01,292.0,0.04375142857142885,0.06673689823874734,0.16860714285714196,0.23127142857142854,0.3885114285714275,0.0038257142857149,0.012648933463796518,4.0,0.0,0.0
Pet20,P,cpx,Cr2O3_cpx,0.005,296.0,0.0,2.8947876447876354e-05,0.0,0.0,0.0057114285714288,0.0,-9.642857142858784e-06,0.0,0.0,278.0
Pet20,P,cpx,Cr2O3_cpx,0.01,296.0,0.0,2.8947876447876354e-05,0.0,0.0,0.0057114285714288,0.0,-9.642857142858784e-06,0.0,0.0,278.0
Pet20,P,cpx,FeO_cpx,0.005,295.0,0.0,0.0,0.0,0.0,0.0,0.0,0.0,1.0,0.0,0.0
Pet20,P,cpx,FeO_cpx,0.01,295.0,0.0,0.0,0.0,0.0,0.0,0.0,0.0,1.0,0.0,0.0
Pet20,P,cpx,K2O_cpx,0.005,296.0,0.0,0.00036750965250965646,0.0,0.0,0.019997142857143,0.0,-2.8571428571422266e-06,0.0,0.0,110.0
Pet20,P,cpx,K2O_cpx,0.01,296.0,0.0,0.0005724131274131284,0.0,0.002730000000000325,0.019997142857143,0.0,8.735521235520745e-05,0.0,0.0,110.0
Pet20,P,cpx,MgO_cpx,0.005,295.0,0.0,0.006075215239709422,0.015612000000000457,0.028168571428571123,0.0487400000000004,0.0,0.0008105179031477246,1.0,0.0,0.0
Pet20,P,cpx,MgO_cpx,0.01,294.0,0.0057142857142862,0.011270019307580122,0.04285428571428583,0.04871571428571471,0.057137142857143,0.0,0.000964596567055391,2.0,0.0,0.0
Pet20,P,cpx,MnO_cpx,0.005,296.0,0.0,0.0013078667953668106,0.0030257142857146,0.01147928571428575,0.0413714285714288,0.0,-0.0001505694980695039,0.0,0.0,0.0
Pet20,P,cpx,MnO_cpx,0.01,296.0,0.0,0.002412171814671814,0.0105271428571427,0.0142857142857142,0.0413714285714288,0.0,-0.00010645752895752317,0.0,0.0,0.0
Pet20,P,cpx,Na2O_cpx,0.005,296.0,0.00427285714285735,0.010809469111969134,0.0314357142857142,0.04574357142857185,0.0965914285714291,0.0,-0.00034230694980691244,0.0,0.0,0.0
Pet20,P,cpx,Na2O_cpx,0.01,296.0,0.008738571428571651,0.01638796332046336,0.04197000000000005,0.05169,0.1373800000000002,0.0,-0.0005809362934362354,0.0,0.0,0.0
Pet20,P,cpx,NiO_cpx,0.005,296.0,0.0,0.0,0.0,0.0,0.0,0.0,0.0,0.0,0.0,268.0
Pet20,P,cpx,NiO_cpx,0.01,296.0,0.0,0.0,0.0,0.0,0.0,0.0,0.0,0.0,0.0,268.0
Pet20,P,cpx,SiO2_cpx,0.005,292.0,0.02253857142857145,0.031693238358610515,0.0687342857142851,0.08682828571428525,0.3729285714285719,-0.001604285714285,0.001627270188356254,4.0,0.0,0.0
Pet20,P,cpx,SiO2_cpx,0.01,288.0,0.0472928571428572,0.056878888100198415,0.10726685714285773,0.1428722857142853,0.4041771428571428,-0.00018571428571419998,0.0035973412698413693,8.0,0.0,0.0
Pet20,P,cpx,TiO2_cpx,0.005,296.0,0.0,0.0029197104247104073,0.011628571428571051,0.0161678571428569,0.0429428571428562,0.0,-0.00032808880308879114,0.0,0.0,0.0
Pet20,P,cpx,TiO2_cpx,0.01,296.0,0.0,0.005277519305019297,0.0182842857142859,0.0261235714285719,0.0479685714285711,0.0,-0.0004946235521235379,0.0,0.0,0.0
Pet20,P,liq,Al2O3_liq,0.01,296.0,0.01642142857142835,0.022887470914575297,0.047188571428571746,0.06222571428571455,0.2111200000000002,0.0001085714285711,-0.000261100513996034,0.0,0.0,0.0
Pet20,P,liq,Al2O3_liq,0.02,296.0,0.02952857142857155,0.03889724877895757,0.07314857142857176,0.09173428571428592,0.4572800000000008,0.00248285714285715,-0.0017378474903474393,0.0,0.0,0.0
Pet20,P,liq,Al2O3_liq,0.03,296.0,0.0365142857142859,0.053631418535231686,0.10439857142857176,0.13427428571428557,0.6931371050000017,-3.142857142846012e-05,-0.005369855084459404,0.0,0.0,0.0
Pet20,P,liq,CaO_liq,0.01,296.0,0.0,0.0066561970390926345,0.02038287607142835,0.029842857142856973,0.0913828571428565,0.0,0.0009583785062741468,0.0,0.0,0.0
Pet20,P,liq,CaO_liq,0.02,296.0,0.00307428571428575,0.012742857398648612,0.03990857142857065,0.058059314107142775,0.1287171428571412,0.0,0.0004384172442085478,0.0,0.0,0.0
Pet20,P,liq,CaO_liq,0.03,296.0,0.00595857142857165,0.0163544306298262,0.04990714285714225,0.060415000000000024,0.1287171428571412,0.0,0.0008340638344595027,0.0,0.0,0.0
Pet20,P,liq,FeO_liq,0.01,296.0,0.0,0.0,0.0,0.0,0.0,0.0,0.0,0.0,0.0,0.0
Pet20,P,liq,FeO_liq,0.02,296.0,0.0,0.0,0.0,0.0,0.0,0.0,0.0,0.0,0.0,0.0
Pet20,P,liq,FeO_liq,0.03,296.0,0.0,0.0,0.0,0.0,0.0,0.0,0.0,0.0,0.0,0.0
Pet20,P,liq,K2O_liq,0.01,296.0,0.0,0.00921289575289575,0.02856857142857145,0.04567071428571438,0.0942828571428568,0.0,-0.00047445945945944634,0.0,0.0,0.0
Pet20,P,liq,K2O_liq,0.02,296.0,0.008571428571428,0.015850849420849387,0.0423971428571423,0.059849285714284925,0.0973114285714276,0.0,-0.0012844980694980087,0.0,0.0,0.0
Pet20,P,liq,K2O_liq,0.03,296.0,0.014570000000000801,0.022936554054054013,0.0571271428571429,0.07610999999999943,0.1112600000000005,0.0,-0.0016463996138995692,0.0,0.0,0.0
Pet20,P,liq,MgO_liq,0.01,296.0,0.0,0.0021584652509652217,0.0057114285714288,0.009697857142857175,0.0514285714285716,0.0,0.0002675386100386203,0.0,0.0,0.0
Pet20,P,liq,MgO_liq,0.02,296.0,0.0,0.0032785521235520667,0.008531428571429,0.0165285714285712,0.0514285714285716,0.0,0.0004952509652509879,0.0,0.0,0.0
Pet20,P,liq,MgO_liq,0.03,296.0,0.0,0.005423059845559794,0.015917142857142,0.0244685714285717,0.0588714285714297,0.0,0.0009585617760617999,0.0,0.0,0.0
Pet20,P,liq,MnO_liq,0.01,296.0,0.00266714285714315,0.00739259652509651,0.0219385714285711,0.0317007142857135,0.0628571428571422,0.0,3.3581081081104066e-05,0.0,0.0,0.0
Pet20,P,liq,MnO_liq,0.02,296.0,0.008571428571428199,0.012923050193050126,0.03225142857142815,0.048250714285714674,0.0909742857142852,0.0,0.0004325096525096713,0.0,0.0,0.0
Pet20,P,liq,MnO_liq,0.03,296.0,0.0119700000000002,0.01743915057915053,0.041222857142857006,0.054193571428570994,0.0825285714285701,0.0,-0.0002647876447876211,0.0,0.0,0.0
Pet20,P,liq,Na2O_liq,0.01,296.0,0.0203771428571437,0.029484034493243234,0.06775714285714285,0.08757428571428601,0.1315314285714288,0.0050928571428569495,0.004769092408301211,0.0,0.0,0.0
Pet20,P,liq,Na2O_liq,0.02,296.0,0.049504285714286195,0.0546163994860039,0.10320571428571475,0.126957142857143,0.2346371428571414,0.01265000000000065,0.010126476706081196,0.0,0.0,0.0
Pet20,P,liq,Na2O_liq,0.03,296.0,0.07480428571428585,0.07694656332287649,0.13755999999999965,0.15855071428571388,0.2403485714285702,0.0265785714285713,0.01869272213561782,0.0,0.0,0.0
Pet20,P,liq,SiO2_liq,0.01,296.0,0.01693857142857165,0.028003011455115804,0.07162571428571415,0.0914721428571421,0.2057314285714291,-0.0008814285714291,-0.0007920462041505295,0.0,0.0,0.0
Pet20,P,liq,SiO2_liq,0.02,296.0,0.0315128571428564,0.04452704633204633,0.10455000000000031,0.14352714285714382,0.2275200000000019,0.0023885714285718,0.001537084942084959,0.0,0.0,0.0
Pet20,P,liq,SiO2_liq,0.03,296.0,0.042085714285714254,0.06042177618967183,0.14595857142857135,0.1711271428571426,0.3138200000000015,0.0015542857142865,0.0046032045053088794,0.0,0.0,0.0
Pet20,P,liq,TiO2_liq,0.01,296.0,0.0,0.00277350386100383,0.0085714285714288,0.014285714285713525,0.0428542857142861,0.0,-0.0004783108108107969,0.0,0.0,0.0
Pet20,P,liq,TiO2_liq,0.02,296.0,0.0001142857142859,0.004915945945945892,0.01452,0.022857142857141525,0.0431742857142856,0.0,-0.0004859266409266412,0.0,0.0,0.0
Pet20,P,liq,TiO2_liq,0.03,296.0,0.0028257142857141503,0.006190164092664023,0.0169771428571428,0.0228571428571422,0.0571400000000021,0.0,-0.0005346621621621573,0.0,0.0,0.0
Pet20,T,cpx,Al2O3_cpx,0.005,296.0,0.0490909090908644,0.12718980343979377,0.3590909090906962,0.45454545454532536,1.6709090909089357,0.0,-0.0011824324324282843,0.0,0.0,0.0
Pet20,T,cpx,Al2O3_cpx,0.01,296.0,0.1272727272730662,0.22418611793611298,0.5163636363636215,0.77909090909111,2.145454545454413,0.0,0.02019963144961692,0.0,0.0,0.0
Pet20,T,cpx,CaO_cpx,0.005,295.0,0.089090909090828,0.14069337442219335,0.3690909090910283,0.5390909090908736,1.0418181818181438,0.0,0.02859476117104103,1.0,0.0,0.0
Pet20,T,cpx,CaO_cpx,0.01,292.0,0.1272727272727252,0.23222602739727488,0.5634545454544878,0.8289090909090191,2.401818181818271,0.0363636363636032,0.06977272727272456,4.0,0.0,0.0
Pet20,T,cpx,Cr2O3_cpx,0.005,296.0,0.0,0.0,0.0,0.0,0.0,0.0,0.0,0.0,0.0,278.0
Pet20,T,cpx,Cr2O3_cpx,0.01,296.0,0.0,0.00021498771498751926,0.0,0.0,0.0636363636363057,0.0,-0.00021498771498751926,0.0,0.0,278.0
Pet20,T,cpx,FeO_cpx,0.005,295.0,0.0,0.0,0.0,0.0,0.0,0.0,0.0,1.0,0.0,0.0
Pet20,T,cpx,FeO_cpx,0.01,295.0,0.0,0.0,0.0,0.0,0.0,0.0,0.0,1.0,0.0,0.0
Pet20,T,cpx,K2O_cpx,0.005,296.0,0.0,0.015881449631449013,0.0,0.0568181818182438,0.7272727272729753,0.0,0.003989557739558719,0.0,0.0,110.0
Pet20,T,cpx,K2O_cpx,0.01,296.0,0.0,0.0391492628992634,0.1090909090908098,0.3422727272724159,0.9636363636363968,0.0,0.010648034398034698,0.0,0.0,110.0
Pet20,T,cpx,MgO_cpx,0.005,295.0,0.1090909090910372,0.1557349768875094,0.3636363636363967,0.42363636363611473,0.7363636363638761,0.0,-0.016548536209557378,1.0,0.0,0.0
Pet20,T,cpx,MgO_cpx,0.01,294.0,0.20000000000004545,0.2415739022881887,0.5030909090909063,0.6274999999997358,1.199999999999818,0.0,-0.01783858998143786,2.0,0.0,0.0
Pet20,T,cpx,MnO_cpx,0.005,296.0,0.0,0.10037162162162636,0.30181818181836206,0.45454545454515477,0.9272727272727934,0.0,-0.010912162162165296,0.0,0.0,0.0
Pet20,T,cpx,MnO_cpx,0.01,296.0,0.10500000000001815,0.17255835380835433,0.4536363636362921,0.5790909090908372,1.2799999999999727,0.0,-0.010795454545462395,0.0,0.0,0.0
Pet20,T,cpx,Na2O_cpx,0.005,296.0,0.0,0.05983108108107657,0.202272727272657,0.3454545454543449,0.5454545454545041,0.0,-0.010918304668290893,0.0,0.0,0.0
Pet20,T,cpx,Na2O_cpx,0.01,296.0,0.028181818181792502,0.10020884520883931,0.3204545454544814,0.42431818181808006,1.1163636363635303,0.0,-0.017082309582297887,0.0,0.0,0.0
Pet20,T,cpx,NiO_cpx,0.005,296.0,0.0,0.0,0.0,0.0,0.0,0.0,0.0,0.0,0.0,268.0
Pet20,T,cpx,NiO_cpx,0.01,296.0,0.0,0.0,0.0,0.0,0.0,0.0,0.0,0.0,0.0,268.0
Pet20,T,cpx,SiO2_cpx,0.005,292.0,0.17272727272734295,0.2601183063511871,0.5909090909090082,0.8186363636362776,1.7454545454545496,0.00181818181818015,0.009763387297641339,4.0,0.0,0.0
Pet20,T,cpx,SiO2_cpx,0.01,288.0,0.3018181818181347,0.4325568181818369,0.9854545454545588,1.372727272727309,2.6363636363635123,0.0536363636363148,-0.00606691919192947,8.0,0.0,0.0
Pet20,T,cpx,TiO2_cpx,0.005,296.0,0.0,0.06068796068795312,0.24090909090887175,0.3681818181818243,0.690909090909372,0.0,-0.01268427518428055,0.0,0.0,0.0
Pet20,T,cpx,TiO2_cpx,0.01,296.0,0.0272727272727024,0.12110872235871438,0.3636363636364876,0.5,1.1454545454546403,0.0,-0.019597665847661084,0.0,0.0,0.0
Pet20,T,liq,Al2O3_liq,0.01,296.0,0.14272727272737024,0.18901904176904222,0.48090909090910827,0.5990909090908758,0.8527272727274067,0.0,0.008269656019653415,0.0,0.0,0.0
Pet20,T,liq,Al2O3_liq,0.02,296.0,0.2181818181819608,0.3063366093366175,0.6759090909090446,0.8963636363637306,1.3381818181819654,-0.0454545454545041,-0.03228132678133637,0.0,0.0,0.0
Pet20,T,liq,Al2O3_liq,0.03,296.0,0.33363636363628757,0.4049158476658549,0.8099999999998317,1.0559090909093813,1.860000000000128,-0.1354545454544222,-0.11294287469287821,0.0,0.0,0.0
Pet20,T,liq,CaO_liq,0.01,296.0,0.45590909090878995,0.6334269041768982,1.5463636363635942,1.8629545454543857,2.7836363636365604,0.0,-0.03269348894350299,0.0,0.0,0.0
Pet20,T,liq,CaO_liq,0.02,296.0,0.9600000000000364,1.18540601965601,2.6331818181815834,2.9413636363636897,4.205454545454359,-0.028181818181792502,-0.09364680589680645,0.0,0.0,0.0
Pet20,T,liq,CaO_liq,0.03,296.0,1.4068181818183803,1.73235565110565,3.5331818181819017,4.373636363636479,6.154909090909314,0.0,-0.1308003685503701,0.0,0.0,0.0
Pet20,T,liq,FeO_liq,0.01,296.0,0.0,0.0,0.0,0.0,0.0,0.0,0.0,0.0,0.0,0.0
Pet20,T,liq,FeO_liq,0.02,296.0,0.0,0.0,0.0,0.0,0.0,0.0,0.0,0.0,0.0,0.0
Pet20,T,liq,FeO_liq,0.03,296.0,0.0,0.0,0.0,0.0,0.0,0.0,0.0,0.0,0.0,0.0
Pet20,T,liq,K2O_liq,0.01,296.0,0.0,0.07562960687960954,0.2636363636365786,0.35681818181825514,0.6727272727271156,0.0,-0.00151412776412101,0.0,0.0,0.0
Pet20,T,liq,K2O_liq,0.02,296.0,0.055454545454608706,0.1418212530712562,0.39545454545452685,0.5545454545454049,0.7999999999999545,0.0,0.002103808353804904,0.0,0.0,0.0
Pet20,T,liq,K2O_liq,0.03,296.0,0.1272727272727252,0.20303439803440465,0.5318181818181529,0.6727272727271156,1.054545454545405,0.0,0.00950245700245681,0.0,0.0,0.0
Pet20,T,liq,MgO_liq,0.01,296.0,0.49727272727272975,0.6155448402948344,1.3040909090909736,1.5456818181819472,2.681818181818471,-0.00636363636363055,-0.010173832923847407,0.0,0.0,0.0
Pet20,T,liq,MgO_liq,0.02,296.0,1.0568181818180165,1.1406197788697752,2.3045454545456323,2.640909090909304,3.50181818181818,-0.1338181818180146,-0.06753746928747262,0.0,0.0,0.0
Pet20,T,liq,MgO_liq,0.03,296.0,1.4454545454544814,1.608037469287476,3.2913636363637124,3.5720454545452185,4.567272727272666,-0.2172727272726433,-0.08619103194103551,0.0,0.0,0.0
Pet20,T,liq,MnO_liq,0.01,296.0,0.0363636363636032,0.08851658476657721,0.2727272727270247,0.334545454545605,0.9227272727275704,0.0,-0.006305282555276056,0.0,0.0,0.0
Pet20,T,liq,MnO_liq,0.02,296.0,0.0909090909090082,0.1550061425061252,0.36818181818193807,0.5095454545454459,0.9590909090907188,0.0,-0.017285012285014233,0.0,0.0,0.0
Pet20,T,liq,MnO_liq,0.03,296.0,0.136363636363626,0.20559582309581892,0.5163636363636215,0.5622727272726706,0.9818181818181984,0.0,-0.026529484029481402,0.0,0.0,0.0
Pet20,T,liq,Na2O_liq,0.01,296.0,0.084545454545605,0.13526719901719506,0.3809090909091992,0.4618181818182165,0.7745454545456596,0.0,-0.010039926289922538,0.0,0.0,0.0
Pet20,T,liq,Na2O_liq,0.02,296.0,0.18136363636358505,0.22043550368551076,0.48090909090910827,0.5652272727271566,1.0254545454545223,-0.02636363636361235,-0.04271560196560291,0.0,0.0,0.0
Pet20,T,liq,Na2O_liq,0.03,296.0,0.2172727272726433,0.2716848894348846,0.6099999999999,0.7431818181820518,1.3036363636365422,-0.0727272727272065,-0.08622420147420863,0.0,0.0,0.0
Pet20,T,liq,SiO2_liq,0.01,296.0,0.4645454545454868,0.5595055282555282,1.236363636363535,1.554090909091087,2.5509090909090446,-0.0218181818181619,-0.046870393120402344,0.0,0.0,0.0
Pet20,T,liq,SiO2_liq,0.02,296.0,0.7263636363635442,1.0301719901719892,2.582272727272766,2.924772727272625,3.9836363636363785,-0.0618181818183529,-0.07183660933660738,0.0,0.0,0.0
Pet20,T,liq,SiO2_liq,0.03,296.0,1.1909090909091447,1.552340909090925,3.518181818181745,4.143181818182029,6.114545454545578,-0.05272727272722475,-0.1278065110565102,0.0,0.0,0.0
Pet20,T,liq,TiO2_liq,0.01,296.0,0.3272727272728843,0.467638206388207,1.0863636363638989,1.3740909090906255,2.2363636363636488,0.0,0.006164004914010446,0.0,0.0,0.0
Pet20,T,liq,TiO2_liq,0.02,296.0,0.7454545454545496,0.8994348894348864,1.738181818181829,2.1163636363635874,4.570909090909026,0.049999999999954456,0.009496314496324295,0.0,0.0,0.0
Pet20,T,liq,TiO2_liq,0.03,296.0,1.105454545454677,1.3269871007371006,2.4390909090909645,3.0422727272728594,5.698181818181865,0.0181818181818016,0.03341830466831268,0.0,0.0,0.0
Pu08_31,P,cpx,Al2O3_cpx,0.005,44.0,0.00535529129790995,0.014269682571649426,0.01423275492075998,0.031801937378289014,0.1903717837721785,4.3422365108050013e-05,0.0008683102276224228,0.0,0.0,0.0
Pu08_31,P,cpx,Al2O3_cpx,0.01,44.0,0.010710242871651149,0.029186952731657834,0.02847191302716747,0.06517436590445957,0.4336767247438082,0.00017372783118930004,0.0036494418861913497,0.0,0.0,0.0
Pu08_31,P,cpx,CaO_cpx,0.005,43.0,0.0275279169428603,0.0750056053578898,0.17660583117418455,0.2608818219137297,0.848370176931823,0.0004334685469942,-0.010136339509372188,1.0,0.0,0.0
Pu08_31,P,cpx,CaO_cpx,0.01,42.0,0.061996511403815846,0.16017845601358624,0.4273969686623655,0.5399970469340075,1.5255313255921692,0.0027237315608834,0.019463000162737776,4.0,0.0,0.0
Pu08_31,P,cpx,Cr2O3_cpx,0.005,44.0,0.0,8.870402880909657e-08,0.0,1.376696310728676e-07,1.8138662873923293e-06,0.0,2.150320325836142e-12,0.0,0.0,278.0
Pu08_31,P,cpx,Cr2O3_cpx,0.01,44.0,0.0,1.77408056689643e-07,0.0,2.7533932973611285e-07,3.627827030783237e-06,0.0,8.599706805253762e-12,0.0,0.0,278.0
Pu08_31,P,cpx,FeO_cpx,0.005,44.0,0.0,0.0,0.0,0.0,0.0,0.0,0.0,1.0,0.0,0.0
Pu08_31,P,cpx,FeO_cpx,0.01,44.0,0.0,0.0,0.0,0.0,0.0,0.0,0.0,1.0,0.0,0.0
Pu08_31,P,cpx,K2O_cpx,0.005,44.0,2.0759964503014322e-07,7.682219977287666e-06,2.378748607902992e-05,2.771716907163935e-05,9.34413210096352e-05,0.0,3.195097116174985e-10,0.0,0.0,110.0
Pu08_31,P,cpx,K2O_cpx,0.01,44.0,4.1520088345237127e-07,1.5364440056593728e-05,4.7575310710357146e-05,5.5435547901261375e-05,0.0001868923426009,0.0,1.2780157933132872e-09,0.0,0.0,110.0
Pu08_31,P,cpx,MgO_cpx,0.005,44.0,0.0461436400099,0.08044530793707896,0.1060921483467815,0.17660063820718244,0.9435339074432784,1.3733794762750117e-05,0.012549421586064811,1.0,0.0,0.0
Pu08_31,P,cpx,MgO_cpx,0.01,43.0,0.0902689704201353,0.11801024673511076,0.21361284046428902,0.27954844681296037,0.7930528437800035,-0.0096960101869036,-0.01049208817456557,2.0,0.0,0.0
Pu08_31,P,cpx,MnO_cpx,0.005,44.0,7.334690185343122e-05,0.0003803312803726739,0.00069445615487883,0.0012421596526487949,0.0041729562709029,3.8445024941324846e-08,5.821022000982179e-07,0.0,0.0,0.0
Pu08_31,P,cpx,MnO_cpx,0.01,44.0,0.0001466826739146931,0.0007606707423288189,0.001389348569409,0.002485939628142645,0.0083653363755651,1.5378011042344042e-07,2.3284586896570322e-06,0.0,0.0,0.0
Pu08_31,P,cpx,Na2O_cpx,0.005,44.0,0.0311960147062997,0.03320066481542366,0.03395479640743996,0.03772171127813182,0.0674401236181516,-5.980085286605083e-05,-2.297902308555043e-05,0.0,0.0,0.0
Pu08_31,P,cpx,Na2O_cpx,0.01,44.0,0.062316765419637904,0.0664097515559997,0.06799007300987084,0.07545865470720797,0.1366697825430023,-0.00023921176713414746,-9.149044565504548e-05,0.0,0.0,0.0
Pu08_31,P,cpx,NiO_cpx,0.005,44.0,0.0,0.0,0.0,0.0,0.0,0.0,0.0,0.0,0.0,268.0
Pu08_31,P,cpx,NiO_cpx,0.01,44.0,0.0,0.0,0.0,0.0,0.0,0.0,0.0,0.0,0.0,268.0
Pu08_31,P,cpx,SiO2_cpx,0.005,43.0,0.01055151136533,0.07626505874837206,0.10173207764670092,0.2014191549649104,1.5883184247296498,0.0002936561501662,0.026654653290422194,4.0,0.0,0.0
Pu08_31,P,cpx,SiO2_cpx,0.01,42.0,0.0188683122108477,0.07690236758712392,0.20350716222261842,0.2811646880185466,0.8792864590890446,-0.0005840616715948499,-0.00970799525657242,8.0,0.0,0.0
Pu08_31,P,cpx,TiO2_cpx,0.005,44.0,0.00018186082509692977,0.0017733146454347135,0.00226786182786269,0.004392364166130981,0.0275004200116413,9.600675809906534e-11,1.9862856773659503e-05,0.0,0.0,0.0
Pu08_31,P,cpx,TiO2_cpx,0.01,44.0,0.0003635697783881,0.0035487415851066335,0.0045404259339828406,0.008805147836707175,0.0558640879780618,3.840465723206477e-10,7.953917505816059e-05,0.0,0.0,0.0
Pu08_31,P,liq,Al2O3_liq,0.01,44.0,0.02871493997510385,0.0286938588936046,0.034390056785518625,0.035060491816018974,0.0352314697722206,0.0002823327368481499,0.0003642207704976048,0.0,0.0,0.0
Pu08_31,P,liq,Al2O3_liq,0.02,44.0,0.0571670870642577,0.05740513721510666,0.06800626101313222,0.07067876530433384,0.0712788964444151,0.0011295471090697513,0.0014571586254603073,0.0,0.0,0.0
Pu08_31,P,liq,Al2O3_liq,0.03,44.0,0.08654714307629871,0.0861512770181259,0.10106352286533667,0.10709300873964621,0.1082224006686409,0.002542292051888502,0.0032796407725725774,0.0,0.0,0.0
Pu08_31,P,liq,CaO_liq,0.01,44.0,0.0074878545782723505,0.008488958972611642,0.01368717910422388,0.01507258510137212,0.0178664456046568,-3.795387569204998e-05,-3.8147566223870206e-05,0.0,0.0,0.0
Pu08_31,P,liq,CaO_liq,0.02,44.0,0.01497324152577835,0.016976698585354184,0.02739739941568893,0.030192426986311284,0.0357971557611769,-0.0001518467706223001,-0.00015262124954789786,0.0,0.0,0.0
Pu08_31,P,liq,CaO_liq,0.03,44.0,0.022562046236092897,0.025461997380036325,0.04112913764064454,0.045358227328927164,0.0537908820635344,-0.00034177255197139975,-0.0003435140698502641,0.0,0.0,0.0
Pu08_31,P,liq,FeO_liq,0.01,44.0,0.0,0.0,0.0,0.0,0.0,0.0,0.0,0.0,0.0,0.0
Pu08_31,P,liq,FeO_liq,0.02,44.0,0.0,0.0,0.0,0.0,0.0,0.0,0.0,0.0,0.0,0.0
Pu08_31,P,liq,FeO_liq,0.03,44.0,0.0,0.0,0.0,0.0,0.0,0.0,0.0,0.0,0.0,0.0
Pu08_31,P,liq,K2O_liq,0.01,44.0,0.0051563484401615,0.0050283808967889,0.00617041705546618,0.006190829487519865,0.0062499445615991,-2.152062299390009e-05,-1.7995849403622894e-05,0.0,0.0,0.0
Pu08_31,P,liq,K2O_liq,0.02,44.0,0.01031451718349345,0.01005682781223756,0.01230034937047182,0.012381314115006004,0.0125572702136977,-8.608258432114997e-05,-7.19834611847953e-05,0.0,0.0,0.0
Pu08_31,P,liq,K2O_liq,0.03,44.0,0.0154745812299736,0.015085406765298376,0.01838987097752665,0.018597552691393536,0.018922103330194,-0.00019368616119310074,-0.00016196302605448137,0.0,0.0,0.0
Pu08_31,P,liq,MgO_liq,0.01,44.0,0.00630337566325595,0.006475421357873596,0.007630419726858351,0.0078627946978496,0.0088643110519761,-5.984224577294979e-05,-6.580575384014315e-05,0.0,0.0,0.0
Pu08_31,P,liq,MgO_liq,0.02,44.0,0.0125284642202796,0.012953971776365225,0.015203768815850071,0.015859226532152257,0.017885855545515,-0.00023941493092219986,-0.000263269802754057,0.0,0.0,0.0
Pu08_31,P,liq,MgO_liq,0.03,44.0,0.0188909043658167,0.019438783993340533,0.02259251288309529,0.024020880684745602,0.027068163219674,-0.000538855987712401,-0.0005925325993478345,0.0,0.0,0.0
Pu08_31,P,liq,MnO_liq,0.01,44.0,0.00024692470148749996,0.0002465729356370932,0.00026173565803797,0.00026220404617618,0.0002684920039719,-1.1566161499962455e-09,-4.4371952499624155e-10,0.0,0.0,0.0
Pu08_31,P,liq,MnO_liq,0.02,44.0,0.0004938497269381999,0.0004931458709770228,0.000523471423525,0.00052441080421788,0.0005369849882974,-4.626446799987395e-09,-1.7748697090905516e-09,0.0,0.0,0.0
Pu08_31,P,liq,MnO_liq,0.03,44.0,0.00074077507609965,0.0007397188057055182,0.00078520729597317,0.00078662027419099,0.000805478952536,-1.040952034997173e-08,-3.9934535681994884e-09,0.0,0.0,0.0
Pu08_31,P,liq,Na2O_liq,0.01,44.0,0.0499082862838209,0.05007180391410819,0.05189850981868814,0.054213438132844856,0.0558931574919689,0.00019797666355715268,0.00023923489412872856,0.0,0.0,0.0
Pu08_31,P,liq,Na2O_liq,0.02,44.0,0.0996984573337549,0.10015621885470512,0.10407633687528839,0.10880614714869286,0.1123315543812886,0.0007920797909442001,0.0009571448637016904,0.0,0.0,0.0
Pu08_31,P,liq,Na2O_liq,0.03,44.0,0.14959630450045136,0.15026587295411342,0.15692707807795897,0.16379227879270422,0.169329632859867,0.0017828291601809099,0.0021543462107333575,0.0,0.0,0.0
Pu08_31,P,liq,SiO2_liq,0.01,44.0,0.06356371785302525,0.06395799075970335,0.0680408100750479,0.06856111579471859,0.0688242185657941,-0.0003436041751179002,-0.00037604916579796985,0.0,0.0,0.0
Pu08_31,P,liq,SiO2_liq,0.02,44.0,0.12787962806454084,0.1279301710308401,0.13667239810089313,0.13793324708723825,0.1384570807568117,-0.001374593891421548,-0.0015043513473745557,0.0,0.0,0.0
Pu08_31,P,liq,SiO2_liq,0.03,44.0,0.19285409805433135,0.19193073626161075,0.20621046290912295,0.20813123899976854,0.2089131245649973,-0.003093500791788245,-0.003385370583094384,0.0,0.0,0.0
Pu08_31,P,liq,TiO2_liq,0.01,44.0,0.01062243989159835,0.010563161174537872,0.011475584377768591,0.011524029278084059,0.0117056895251508,-3.8020555610549477e-05,-4.654852051604783e-05,0.0,0.0,0.0
Pu08_31,P,liq,TiO2_liq,0.02,44.0,0.02124559951154925,0.021128146849637566,0.023006129556128782,0.023102355882353116,0.0235170219730278,-0.0001521043840213513,-0.00018622109371811823,0.0,0.0,0.0
Pu08_31,P,liq,TiO2_liq,0.03,44.0,0.03187131133191195,0.03169678366745683,0.034457159704541905,0.034807259171651006,0.0354361171322779,-0.00034231801369345033,-0.00041909880776131554,0.0,0.0,0.0
Pu08_33,T,cpx,Al2O3_cpx,0.005,44.0,0.346141733349441,0.6485400653298566,1.0103024029442167,1.5081449894268417,5.961688147615405,-7.537455576309138e-05,-0.02374749014505927,0.0,0.0,0.0
Pu08_33,T,cpx,Al2O3_cpx,0.01,44.0,0.6923616529513765,1.3132549091140762,2.031039477877721,3.0628876061729677,13.286744148279922,-0.00030151202099659713,-0.099236207592288,0.0,0.0,0.0
Pu08_33,T,cpx,CaO_cpx,0.005,43.0,3.5366497833611,4.844244553990869,9.623562188551572,11.382788574359756,28.44435950048637,0.5727543669254374,0.34939293065746485,1.0,0.0,0.0
Pu08_33,T,cpx,CaO_cpx,0.01,42.0,7.311008724167095,10.030123440421004,19.814388855411874,26.45287123862605,50.53978559639381,0.00679736751112614,-0.5927881959011562,4.0,0.0,0.0
Pu08_33,T,cpx,Cr2O3_cpx,0.005,44.0,0.0,2.2181041458677535e-05,0.0,1.862143426478724e-05,0.0004693631476584,0.0,-7.555007165858657e-11,0.0,0.0,278.0
Pu08_33,T,cpx,Cr2O3_cpx,0.01,44.0,0.0,4.4362082855346105e-05,0.0,3.724287444129004e-05,0.0009387296272507,0.0,-3.0217961617947433e-10,0.0,0.0,278.0
Pu08_33,T,cpx,FeO_cpx,0.005,44.0,0.0,0.0,0.0,0.0,0.0,0.0,0.0,1.0,0.0,0.0
Pu08_33,T,cpx,FeO_cpx,0.01,44.0,0.0,0.0,0.0,0.0,0.0,0.0,0.0,1.0,0.0,0.0
Pu08_33,T,cpx,K2O_cpx,0.005,44.0,5.5192047966556856e-05,0.00043794928569693625,0.00162595770243567,0.0017134536203911451,0.002886324402425,0.0,-9.20795173578475e-09,0.0,0.0,110.0
Pu08_33,T,cpx,K2O_cpx,0.01,44.0,0.00011038403727067158,0.0008758985741533864,0.00325193974508692,0.003426937117251315,0.0057729038567231,0.0,-3.683173459226004e-08,0.0,0.0,110.0
Pu08_33,T,cpx,MgO_cpx,0.005,44.0,1.693442455389686,2.7311270926958287,3.878003498824274,5.503550022773221,26.196953245092573,-0.0007984771466453405,-0.3457016420053378,1.0,0.0,0.0
Pu08_33,T,cpx,MgO_cpx,0.01,43.0,3.230129758304429,4.299196795215827,7.70724028985051,8.901822454280818,23.750894425017123,0.4266727846843423,0.2631897763624079,2.0,0.0,0.0
Pu08_33,T,cpx,MnO_cpx,0.005,44.0,0.01737959337106075,0.020921012032483085,0.04008966382443755,0.05029639111417052,0.1288557107645829,9.274117450017681e-09,-1.6196322731468095e-05,0.0,0.0,0.0
Pu08_33,T,cpx,MnO_cpx,0.01,44.0,0.0347587006388039,0.04184223212647251,0.08019430347080737,0.10064034551548953,0.2582219091846127,3.7095333049979966e-08,-6.478650363367335e-05,0.0,0.0,0.0
Pu08_33,T,cpx,Na2O_cpx,0.005,44.0,0.23566120075565775,0.26197239316754595,0.36714217990052017,0.3827253948753196,1.0007380949095932,-0.0018505156051560508,-0.002243877731457768,0.0,0.0,0.0
Pu08_33,T,cpx,Na2O_cpx,0.01,44.0,0.4712840403003611,0.5241374958126553,0.7349794159491012,0.7666747293011895,2.0562927250957728,-0.007402530891567949,-0.008986598395391742,0.0,0.0,0.0
Pu08_33,T,cpx,NiO_cpx,0.005,44.0,0.0,0.0,0.0,0.0,0.0,0.0,0.0,0.0,0.0,268.0
Pu08_33,T,cpx,NiO_cpx,0.01,44.0,0.0,0.0,0.0,0.0,0.0,0.0,0.0,0.0,0.0,268.0
Pu08_33,T,cpx,SiO2_cpx,0.005,43.0,1.784472687768357,3.2772362224248166,5.4282773215251865,7.713929284519643,44.033404636740215,-0.1479175470694826,-0.7006172647579766,4.0,0.0,0.0
Pu08_33,T,cpx,SiO2_cpx,0.01,42.0,3.5621268715510723,4.504048621535113,10.472367657765924,12.012323838364273,29.324495627478427,0.00112231341131519,0.30626526235249957,8.0,0.0,0.0
Pu08_33,T,cpx,TiO2_cpx,0.005,44.0,0.044502680923187654,0.07914793258768521,0.1329857769177124,0.17777078974820595,0.8475523110660106,6.025857150011773e-09,-0.0005300171969793186,0.0,0.0,0.0
Pu08_33,T,cpx,TiO2_cpx,0.01,44.0,0.08900552624686495,0.15834876294453884,0.26613696261129,0.3561406571614043,1.7177373745284967,2.4103655949978507e-08,-0.0021221921410146563,0.0,0.0,0.0
Pu08_33,T,liq,Al2O3_liq,0.01,44.0,1.46674289579596,1.4247222505559463,1.6195419119833787,1.6326155856449076,1.6509618557797694,0.005554619618351353,0.00792966648906589,0.0,0.0,0.0
Pu08_33,T,liq,Al2O3_liq,0.02,44.0,2.9338647890413085,2.8497449792589062,3.23197788024263,3.2785770558476317,3.3212425517449446,0.022221440426846817,0.03172299486904897,0.0,0.0,0.0
Pu08_33,T,liq,Al2O3_liq,0.03,44.0,4.388757066989228,4.275369007797746,4.8316605864223225,4.944275893965482,5.011223437219996,0.05000935425300668,0.07139298056452761,0.0,0.0,0.0
Pu08_33,T,liq,CaO_liq,0.01,44.0,1.5951469694982734,1.5598658626345447,1.7517374948574345,1.758538820455533,1.7693348201769368,-0.0019357325572855189,-0.002716386510531839,0.0,0.0,0.0
Pu08_33,T,liq,CaO_liq,0.02,44.0,3.1904800968702602,3.1197836629550837,3.497083961176759,3.520486449576765,3.544753025907994,-0.007743717449102405,-0.010866365706750581,0.0,0.0,0.0
Pu08_33,T,liq,CaO_liq,0.03,44.0,4.786050456905286,4.679805405987622,5.236089173517621,5.286892171825753,5.326310119938626,-0.01742631791648841,-0.024452398269628164,0.0,0.0,0.0
Pu08_33,T,liq,FeO_liq,0.01,44.0,0.0,0.0,0.0,0.0,0.0,0.0,0.0,0.0,0.0,0.0
Pu08_33,T,liq,FeO_liq,0.02,44.0,0.0,0.0,0.0,0.0,0.0,0.0,0.0,0.0,0.0,0.0
Pu08_33,T,liq,FeO_liq,0.03,44.0,0.0,0.0,0.0,0.0,0.0,0.0,0.0,0.0,0.0,0.0
Pu08_33,T,liq,K2O_liq,0.01,44.0,0.16278556263659988,0.1648472876354596,0.2082993371532211,0.21545020114651833,0.2548879894088713,-6.70698484554963e-05,-0.00012038275828921141,0.0,0.0,0.0
Pu08_33,T,liq,K2O_liq,0.02,44.0,0.32559328779984753,0.32969483019997947,0.41676203584579524,0.43113078577632674,0.51021398031844,-0.00026827942156160134,-0.0004815311132853694,0.0,0.0,0.0
Pu08_33,T,liq,K2O_liq,0.03,44.0,0.48842340048963706,0.4945428826227643,0.6253886694332778,0.6470420983550866,0.7659784886618581,-0.0006036288043560489,-0.0010834453054774879,0.0,0.0,0.0
Pu08_33,T,liq,MgO_liq,0.01,44.0,0.1524137635296938,0.15123268710305054,0.2043206234354329,0.2090213200607877,0.2524629083691252,-0.0018282621233538451,-0.0018695546771141417,0.0,0.0,0.0
Pu08_33,T,liq,MgO_liq,0.02,44.0,0.3028610822157134,0.30254693814101136,0.40587298834243485,0.42163971991371907,0.5094547702819909,-0.0073143023396369106,-0.007479422177973234,0.0,0.0,0.0
Pu08_33,T,liq,MgO_liq,0.03,44.0,0.45162531740720624,0.4540244113295971,0.6067903401495187,0.6381214301972022,0.7710713166784444,-0.016461884596765203,-0.016833215226287473,0.0,0.0,0.0
Pu08_33,T,liq,MnO_liq,0.01,44.0,0.00587293996272815,0.005666319031909254,0.0067737261354522595,0.006929758417459185,0.0071367600362464,8.917027115003598e-08,1.8318254742749113e-07,0.0,0.0,0.0
Pu08_33,T,liq,MnO_liq,0.02,44.0,0.01174587424543455,0.011332638095020421,0.01354764325196807,0.013859854800307365,0.0142740289807079,3.566815393999702e-07,7.327303240886627e-07,0.0,0.0,0.0
Pu08_33,T,liq,MnO_liq,0.03,44.0,0.0176188028792694,0.01699895722024596,0.02032175139120225,0.02079028919335988,0.0214118068797688,8.02533122649593e-07,1.6486433196383337e-06,0.0,0.0,0.0
Pu08_33,T,liq,Na2O_liq,0.01,44.0,0.3820110211611336,0.3736633750934185,0.4247690161444097,0.4279420900704508,0.4327194928346216,0.0023630542830233026,0.0030948116290946074,0.0,0.0,0.0
Pu08_33,T,liq,Na2O_liq,0.02,44.0,0.7640407652513659,0.7474785902085263,0.843861764066105,0.8629833851851799,0.8726440667792303,0.009454085984316407,0.012381707749393006,0.0,0.0,0.0
Pu08_33,T,liq,Na2O_liq,0.03,44.0,1.1412550006721176,1.1215976923373319,1.2691266608246223,1.3053016798938188,1.3199543365180944,0.021278705681652355,0.02786807744030284,0.0,0.0,0.0
Pu08_33,T,liq,SiO2_liq,0.01,44.0,0.3148995879562335,0.29668645094021817,0.44292061013497913,0.46484434402470926,0.5337759425819968,-0.004394072173909094,-0.0028659347081594956,0.0,0.0,0.0
Pu08_33,T,liq,SiO2_liq,0.02,44.0,0.6299847466268602,0.5931226224429751,0.8880908637518588,0.9302583975671724,1.0694918609506203,-0.01758089452209788,-0.011467982210164833,0.0,0.0,0.0
Pu08_33,T,liq,SiO2_liq,0.03,44.0,0.9450045629309898,0.8890579491691039,1.3361479426952427,1.396102385431027,1.6069589542744325,-0.03957428841999899,-0.025818877423840935,0.0,0.0,0.0
Pu08_33,T,liq,TiO2_liq,0.01,44.0,0.22453070223446045,0.22478889946834937,0.24683043187528705,0.25553791881775395,0.2639303066080174,-0.0009617356156468582,-0.0011814969656763264,0.0,0.0,0.0
Pu08_33,T,liq,TiO2_liq,0.02,44.0,0.44895776234875484,0.44962411876237884,0.4952055515686879,0.5129707799315838,0.5305993909669269,-0.003847503229053445,-0.004726672961561979,0.0,0.0,0.0
Pu08_33,T,liq,TiO2_liq,0.03,44.0,0.6709384809662424,0.6745520319901227,0.7468235008367174,0.7723315459200422,0.8000621657142801,-0.008658986246473432,-0.01063758463095093,0.0,0.0,0.0
