Pair_ID,Source_table,Thermometer_calibration,Barometer_calibration,Reference,Run,LEPR_ID,T_C_exp,P_kbar_exp,H2O_Liq_wt_pct,CaTs_Cpx_source_marker,SiO2_Cpx_wt_pct,TiO2_Cpx_wt_pct,Al2O3_Cpx_wt_pct,FeO_Cpx_wt_pct,MnO_Cpx_wt_pct,MgO_Cpx_wt_pct,CaO_Cpx_wt_pct,Na2O_Cpx_wt_pct,K2O_Cpx_wt_pct,P2O5_Cpx_wt_pct,Total_Cpx_wt_pct,SiO2_Liq_wt_pct,TiO2_Liq_wt_pct,Al2O3_Liq_wt_pct,FeO_Liq_wt_pct,MnO_Liq_wt_pct,MgO_Liq_wt_pct,CaO_Liq_wt_pct,Na2O_Liq_wt_pct,K2O_Liq_wt_pct,P2O5_Liq_wt_pct,Total_Liq_wt_pct
Masotta2013_1EA_001,Table 1EA,1,1,"Masotta et al., 2013",TGVT-1,,850,2,5.15,X,41.7,1.64,9.73,14.28,0.52,6.19,22.08,0.45,0.23,0.11,96.93,59.63,0.42,21.23,2.33,0.14,0.2,2.57,4.35,9.11,0.03,100
Masotta2013_1EA_002,Table 1EA,1,1,"Masotta et al., 2013",TGVT-2,,850,2,5.05,X,41.96,2.29,8.72,16.63,0.73,4.84,21.68,0.82,0.3,0.03,98,58.88,0.26,22.47,2.11,0.17,0.14,2.27,4.19,9.5,0.01,100
Masotta2013_1EA_003,Table 1EA,1,1,"Masotta et al., 2013",TGVT-3,,900,2,3.52,X,43.74,2.16,8.36,12.44,0.45,7.5,22.57,0.49,0.22,0.01,97.94,58.82,0.4,20.61,2.46,0.13,0.18,2.88,4.71,9.77,0.04,100
Masotta2013_1EA_004,Table 1EA,1,1,"Masotta et al., 2013",TGVT-4,,900,2,2.66,X,43.86,1.54,9.27,13.15,0.51,7.16,22.6,0.59,0.33,0,99,58.65,0.54,20.16,2.89,0.16,0.21,3.11,5.04,9.18,0.06,100
Masotta2013_1EA_005,Table 1EA,1,1,"Masotta et al., 2013",TGVT-5,,900,2,5.33,X,44.18,1.54,7.74,12,0.41,8.79,22.47,0.47,0.17,0.02,97.8,59.3,0.51,20.94,2.63,0.16,0.35,3.73,3.86,8.45,0.08,100
Masotta2013_1EA_006,Table 1EA,1,1,"Masotta et al., 2013",TGVT-6,,900,2,3.55,X,42.08,1.62,10.43,13.46,0.43,6.96,23.64,0.49,0.14,0,99.27,58.36,0.46,20.89,2.45,0.1,0.36,3.91,4.43,8.99,0.05,100
Masotta2013_1EA_007,Table 1EA,1,1,"Masotta et al., 2013",TGVT-7,,900,2,4.05,X,44.31,1.56,8.97,11.19,0.4,7.68,21.91,0.57,0.47,0.12,97.17,59.14,0.52,20.33,2.46,0.13,0.39,4.17,4.18,8.61,0.07,100
Masotta2013_1EA_008,Table 1EA,1,1,"Masotta et al., 2013",TGVT-8,,900,2,4.2,X,44.82,1.73,8.55,12.54,0.46,8.33,23.04,0.56,0.23,0,100.27,57.78,0.52,20.54,2.72,0.15,0.3,3.3,4.97,9.65,0.07,100
Masotta2013_1EA_009,Table 1EA,1,1,"Masotta et al., 2013",TGVT-9,,900,2,3.55,X,43.57,1.78,8.11,12.55,0.51,7.83,22.53,0.54,0.18,0.03,97.65,58.81,0.53,20.45,2.42,0.12,0.32,3.37,4.41,9.51,0.05,100
Masotta2013_1EA_010,Table 1EA,1,1,"Masotta et al., 2013",TGVT-10,,925,2,2.8,X,46.25,1.39,7.16,9.72,0.4,9.87,22.89,0.5,0.32,0.03,98.54,58.66,0.53,20.17,2.8,0.15,0.54,4.38,4.16,8.53,0.07,100
Masotta2013_1EA_011,Table 1EA,1,1,"Masotta et al., 2013",TGVT-12,,925,2,3.25,X,46.24,1.24,6.32,9.53,0.36,9.99,23.26,0.38,0.19,0.03,97.54,58.07,0.52,20.47,2.85,0.15,0.51,4.45,4.19,8.71,0.08,100
Masotta2013_1EA_012,Table 1EA,1,1,"Masotta et al., 2013",TGVT-13,,950,2,2.2,X,47.57,1.04,6.63,11.37,0.28,9.08,23.02,0.5,0.18,0,99.67,57.91,0.48,19.86,3.25,0.13,0.46,4.77,4.47,8.55,0.11,100
Masotta2013_1EA_013,Table 1EA,1,1,"Masotta et al., 2013",TGVT-14,,950,2,3.33,X,46.9,1.19,5.83,10.72,0.49,9.71,22.34,0.47,0.18,0.01,97.85,58.62,0.53,20.46,3.17,0.16,0.41,3.84,4.07,8.66,0.08,100
Masotta2013_1EA_014,Table 1EA,1,1,"Masotta et al., 2013",VGPL-1,,1000,2,3.29,X,51.52,0.51,2.83,9.14,0.27,13.61,20.58,0.33,0.1,0.03,98.94,60.36,0.5,16.89,4.91,0.13,1.92,4.36,4.19,6.44,0.3,100
Masotta2013_1EA_015,Table 1EA,1,1,"Masotta et al., 2013",VGPL-2,,900,2,4.91,X,46.11,0.54,6.31,12.8,0.3,9.19,21.68,0.51,0.12,0.12,97.68,66.98,0.39,18.79,2.42,0.09,0.63,2.19,2.38,6,0.14,100
Masotta2013_1EA_016,Table 1EA,1,1,"Masotta et al., 2013",VGPL-3,,950,2,6.84,X,49.83,0.39,2.86,8.39,0.32,13.77,21.81,0.42,0.12,0.09,97.98,62.4,0.5,17.76,3.28,0.08,1.12,3.13,4.76,6.76,0.22,100
Masotta2013_1EA_017,Table 1EA,1,1,"Masotta et al., 2013",VGPL-4,,950,2,4.51,X,49.05,0.66,4.52,11.11,0.31,11.76,20.62,0.45,0.14,0.1,98.72,62.41,0.48,18.43,2.49,0.07,0.78,2.46,5.2,7.35,0.32,100
Masotta2013_1EA_018,Table 1EA,1,1,"Masotta et al., 2013",VGPL-5,,950,2,2.4,X,49.4,0.65,4.89,11.54,0.32,11.42,21.26,0.42,0.15,0,100.04,63.52,0.47,18.19,2.6,0.07,0.85,2.65,4.76,6.59,0.31,100
Masotta2013_1EA_019,Table 1EA,1,1,"Masotta et al., 2013",VGPL-6,,950,2,2.97,X,48.69,0.55,4.47,11.51,0.34,11.44,20.38,0.47,0.18,0.08,98.1,64.59,0.35,18.2,2.99,0.09,0.71,2.11,4.04,6.72,0.2,100
Masotta2013_1EA_020,Table 1EA,1,1,"Masotta et al., 2013",VGPL-7,,975,2,6.21,,51.71,0.27,1.96,8.94,0.35,14.81,20.55,0.44,0.19,0.01,99.23,62.03,0.46,17.94,3.16,0.09,1.18,3.15,4.97,6.78,0.24,100
Masotta2013_1EA_021,Table 1EA,1,1,"Masotta et al., 2013",VGPL-8,,1000,2,4.57,X,51.15,0.42,2.59,7.53,0.21,14.35,21.57,0.43,0.13,0.04,98.43,61.46,0.48,17.44,3.65,0.12,1.38,3.76,4.81,6.52,0.38,100
Masotta2013_1EA_022,Table 1EA,1,1,"Masotta et al., 2013",VGPL-9,,1000,2,1.73,X,49.84,0.42,4.25,10.16,0.27,12.64,21.27,0.47,0.14,0,99.45,61.83,0.46,17.67,3.81,0.08,1.37,3.62,4.62,6.18,0.35,100
Masotta2013_1EA_023,Table 1EA,1,1,"Masotta et al., 2013",VGPL-10,,1000,2,3.4,X,51.52,0.43,2.76,7.56,0.26,14.61,22.34,0.45,0.1,0,100.03,60.05,0.57,16.8,4.98,0.11,2.17,4.5,4.12,6.38,0.32,100
Masotta2013_1EA_024,Table 1EA,1,1,Masotta et al. (2012),SVD-29,,1000,3,2,X,43.48,1.32,9.18,11.36,0.2,9.9,23.44,0.3,0.15,0,99.34,52.57,0.73,19.22,5.88,0.16,1.92,7.46,2.72,8.9,0.43,100
Masotta2013_1EA_025,Table 1EA,1,1,Masotta et al. (2012),SVD-19,,950,3,2.22,X,43.36,1.44,9.41,12.65,0.25,8.3,22.87,0.32,0.19,0,98.79,54.4,0.5,20.83,4.05,0.13,0.91,5.08,3.28,10.4,0.41,100
Masotta2013_1EA_026,Table 1EA,1,1,Masotta et al. (2012),SVD-21,,900,3,2.89,X,42.84,1.5,10.75,13.25,0.26,6.89,22.24,0.49,0.51,0,98.74,55.32,0.41,21.2,2.83,0.12,0.5,4.21,3.69,11.16,0.56,100
Masotta2013_1EA_027,Table 1EA,1,1,Fabbrizio and Carroll (2008),2A,,810,0.5,5.46,,49.61,0.76,2.8,11.64,1.09,10.52,22.41,0.75,0.1,0,99.72,60.34,0.21,19.73,2.17,0.27,0.12,1.41,9.24,6.49,0,100
Masotta2013_1EA_028,Table 1EA,1,1,Fabbrizio and Carroll (2008),Alfa,,840,0.5,5.38,,49.12,0.68,2.71,9.52,0.81,11.72,22.12,0.8,0.08,0,97.64,62.15,0.34,19.06,1.84,0.22,0.22,1.59,7.82,6.76,0,100
Masotta2013_1EA_029,Table 1EA,1,1,Fabbrizio and Carroll (2008),Beta,,870,0.5,4.04,,45.78,1.86,4.99,12.42,1.13,8.74,21.3,1,0.1,0,97.42,61.68,0.38,18.64,2.45,0.22,0.19,1.4,8.49,6.54,0,100
Masotta2013_1EA_030,Table 1EA,1,1,Fabbrizio and Carroll (2008),1R,,790,1,7.01,,46.48,0.9,3.26,16.73,1.98,5.85,20.72,1.04,0.18,0,97.61,64.3,0.2,20.54,2.44,0.34,0.1,1.2,5.28,5.59,0,100
Masotta2013_1EA_031,Table 1EA,1,1,Fabbrizio and Carroll (2008),1L,,750,1.5,1.32,,48.7,0.66,2.26,15.26,2.2,7.47,21.7,0.85,0.05,0,99.36,62.45,0.09,19.16,0.63,-,0.05,0.95,9.94,6.78,0,100
Masotta2013_1EA_032,Table 1EA,1,1,Fabbrizio and Carroll (2008),1O,,775,1.5,9.15,,45.2,1.71,4.74,19.99,1.86,3.54,21.02,0.88,0.11,0,99.12,63.75,0.16,20.01,1.96,0.18,0.07,1.15,6.89,5.82,0,100
Masotta2013_1EA_033,Table 1EA,1,1,Fabbrizio and Carroll (2008),1P,,800,1.5,5.45,,46.53,1.22,4.52,15.86,1.62,6.15,20.73,0.97,0.3,0,97.99,62.27,0.22,19.06,1.94,0.23,0.11,1.48,7.96,6.72,0,100
Masotta2013_1EA_034,Table 1EA,1,1,Fabbrizio and Carroll (2008),1T,,825,1.5,5.7,X,50.34,0.35,2.67,8.2,0.42,12.93,22.84,0.49,0.02,0,98.36,62.08,0.36,18.79,2.02,0.3,0.15,1.77,7.83,6.7,0,100
Masotta2013_1EA_035,Table 1EA,1,1,Fabbrizio and Carroll (2008),1H,,725,2,8.29,X,47.29,0.72,4.36,16.71,1.74,5.12,19.42,1.2,0.71,0,97.37,62.17,0.44,20.65,1.76,0.18,0.04,0.79,8.95,5.02,0,100
Masotta2013_1EA_036,Table 1EA,1,1,Fabbrizio and Carroll (2008),1N,,745,2,8.97,,50.18,0.6,2.78,9.45,0.78,12.11,22.47,0.54,0.03,0,98.98,63.06,0.11,20.14,1.76,0.21,0.06,0.93,8.09,5.63,0,100
Masotta2013_1EA_037,Table 1EA,1,1,Fabbrizio and Carroll (2008),1W,,760,2,7.19,,46.81,1.29,5.09,12.73,1.56,9.15,21.54,1.1,0.18,0,99.51,64.57,0.12,19.44,1.48,0.18,0.08,0.96,6.96,6.21,0,100
Masotta2013_1EA_038,Table 1EA,1,1,Fabbrizio and Carroll (2008),1V,,775,2,7.78,,47.59,0.9,4.07,11.89,1.62,9.57,22.08,1.06,0.07,0,98.98,63.88,0.17,19.57,1.34,0.21,0.08,1.06,7.9,5.78,0,100
Masotta2013_1EA_039,Table 1EA,1,1,Fabbrizio and Carroll (2008),38W,,850,1,4.93,X,48.78,0.63,6.42,12.07,0.63,8.42,20.43,0.43,0.66,0,98.51,63.86,0.3,18.35,1.76,0.16,0.15,1.64,6.33,7.44,0,100
Masotta2013_1EA_040,Table 1EA,1,1,Fabbrizio and Carroll (2008),38H,,800,1.5,6.74,X,49.26,0.62,3.89,10.58,0.58,11.48,22.61,0.41,0.02,0,99.56,65.62,0.18,18.36,1.47,0.17,0.12,1.39,6.14,6.55,0,100
Masotta2013_1EA_041,Table 1EA,1,1,Fabbrizio and Carroll (2008),38B,,825,1.5,6.59,X,44.79,0.98,6.48,16.15,0.6,6.46,22.56,0.4,0.05,0,98.51,64.86,0.24,18.93,1.67,0.15,0.18,1.75,5.48,6.74,0,100
Masotta2013_1EA_042,Table 1EA,1,1,Fabbrizio and Carroll (2008),38F,,760,2,7.67,X,49.52,0.56,3.8,8.26,0.43,12.01,22.8,0.36,0.07,0,98.01,68.97,0.08,16.93,1.23,0.12,0.18,1.1,6.53,4.87,0,100
Masotta2013_1EA_043,Table 1EA,1,1,Fabbrizio and Carroll (2008),38E,,775,2,7.67,X,45.33,1.31,6.94,11.93,0.53,9.81,22.72,0.61,0.02,0,99.41,67.05,0.09,17.68,1.15,0.13,0.08,1.46,6.62,5.74,0,100
Masotta2013_1EA_044,Table 1EA,1,1,Fabbrizio and Carroll (2008),38I,,800,2,6.17,X,46.39,0.87,5.15,15.48,0.86,7.15,22.41,0.56,0.03,0,98.94,64.3,0.17,19.13,1.47,0.17,0.12,1.72,6.39,6.53,0,100
Masotta2013_1EA_045,Table 1EA,1,1,Fabbrizio and Carroll (2008),3,,880,2,3.3,X,46.91,0.8,5.54,10.28,0.36,11.66,23.3,0.49,0.03,0,99.49,59.66,0.3,17.93,1.75,0.05,0.31,2.63,9.17,8.2,0,100
Masotta2013_1EA_046,Table 1EA,1,1,Berndt et al. (2001),May-19,,880,2,7.6,X,45.87,1.83,6.14,13.07,0.54,8.49,23.34,0.53,0.22,0,98.01,60.85,0.48,20.36,2.43,0.09,0.17,2.99,5.57,7.06,0,100
Masotta2013_1EA_047,Table 1EA,1,1,Berndt et al. (2001),Oct-13,,840,2,7.8,X,44.7,2.21,7.38,14.27,0.57,6.94,22.66,0.63,0.48,0,99.41,61.2,0.37,20.81,2,0.08,0.11,2.61,5.36,7.45,0,100
Masotta2013_1EA_048,Table 1EA,1,1,Berndt et al. (2001),6-Mar,,840,2,8.3,X,45.68,1.58,6.75,13.04,0.6,8.27,22.92,0.76,0.27,0,98.94,62.41,0.42,20.85,1.4,0.09,0.14,2.06,5.35,7.3,0,100
Masotta2013_1EA_049,Table 1EA,1,1,Berndt et al. (2001),6-Apr,,840,2,6.4,X,45.77,1.43,6.42,13.49,0.83,7.83,22.82,0.91,0.25,0,99.72,61.56,0.35,21,1.64,0.13,0.14,1.89,6.44,6.84,0,100
Masotta2013_1EA_050,Table 1EA,1,1,Berndt et al. (2001),Jul-35,,880,2,7.4,X,44,1.64,7.66,11.08,0.47,9.69,22.91,0.74,0.17,0,100.18,61.14,0.46,20.74,1.66,0.16,0.28,2.78,5.53,7.26,0,100
Masotta2013_1EA_051,Table 1EA,1,1,Berndt et al. (2001),Jul-36,,880,2,5.9,X,43.68,2.05,9.02,12.09,0.59,8.31,21.97,1.07,0.45,0,100.65,61.68,0.46,20.09,1.49,0.15,0.26,2.16,5.87,7.84,0,100
Masotta2013_1EA_052,Table 1EA,1,1,Berndt et al. (2001),Aug-37,,840,2,8.9,X,43.45,1.52,8.7,12.48,0.53,8.67,22.27,1.08,0.36,0,101.11,62.12,0.21,21.01,1.34,0.13,0.13,2.25,5.43,7.38,0,100
Masotta2013_1EA_053,Table 1EA,1,1,Berndt et al. (2001),Aug-38,,840,2,7.4,,43.24,1.73,7.91,12.91,0.73,8.64,22.14,1.2,0.18,0,101.58,61.94,0.24,20.91,1.34,0.11,0.1,1.47,6.29,7.61,0,100
Masotta2013_1EA_054,Table 1EA,1,1,Berndt et al. (2001),Sept-17,,880,2,7.6,X,44.21,2.26,7.41,12.34,0.42,8.51,23.57,0.5,0.21,0,102.04,60.08,0.58,20.39,2.6,0.13,0.26,3.73,5.14,7.08,0,100
Masotta2013_1EA_055,Table 1EA,1,1,Berndt et al. (2001),Sept-18,,880,2,5.6,X,43.73,2.34,7.25,12.91,0.48,7.99,23.62,0.56,0.21,0,102.51,60.41,0.51,20.39,2.47,0.08,0.22,2.81,5.67,7.43,0,100
Masotta2013_1EA_056,Table 1EA,1,1,Andujar et al. (2010),LN-30,,875,2,3.7,,50.1,1.5,2.48,9.69,0.98,12.6,21,1.66,0,0,100.01,61.5,0.33,19.6,2.34,0.18,0.22,0.7,9.3,5.8,0,100
Masotta2013_1EA_057,Table 1EA,1,1,Andujar et al. (2010),LN-21,,887,2,3.9,,49.9,1.3,3.21,8.8,0.88,12.8,21.3,1.73,0,0,99.92,61.5,0.5,20.2,2.07,0.15,0.22,0.76,9.1,5.5,0,100
Masotta2013_1EA_058,Table 1EA,1,1,Andujar et al. (2010),LN-23,,887,1,4.1,,49.2,1.44,3.86,10.62,1.04,11.3,20.7,1.87,0,0,100.03,61.4,0.49,19.9,2.31,0.16,0.26,0.73,9.1,5.7,0,100
Masotta2013_1EA_059,Table 1EA,1,1,Andujar et al. (2010),LN-25,,925,1,1.9,,48.4,1.9,3.82,10.11,0.75,12.8,20.7,1.54,0,0,100.02,61.3,0.44,19.3,2.53,0.16,0.3,0.82,9.2,5.8,0,100
Masotta2013_1EA_060,Table 1EA,1,1,Andujar et al. (2010),LN-30,,875,2,3.7,,50.1,1.5,2.48,9.69,0.98,12.6,21,1.66,0,0,100.01,61.5,0.33,19.6,2.34,0.18,0.22,0.7,9.3,5.8,0,100
Masotta2013_1EA_061,Table 1EA,1,1,Andujar et al. (2008),18,,850,0.5,0.9,,48.7,3.13,3.12,12.24,1.03,9.53,17.68,3.67,0.08,0,99.18,60.5,0.75,19.7,3,0.23,0.3,0.5,10.1,4.9,0,100
Masotta2013_1EA_062,Table 1EA,1,1,Andujar et al. (2008),20,,775,2.5,9.9,,47.4,2.51,3.62,13.83,1.78,8.13,16.4,4.37,0.04,0,98.08,62.4,0.38,20.3,2.4,0.22,0.14,0.4,9.6,4.2,0,100
Masotta2013_1EA_063,Table 1EA,1,1,Andujar et al. (2008),23,,700,2.5,10.8,,47.4,2.95,4.02,15.33,2.42,6.09,14.02,5.52,0.05,0,97.8,61.1,0.12,20.4,2,0.24,0.07,0.16,9.7,6.2,0,100
Masotta2013_1EA_064,Table 1EA,1,1,Andujar et al. (2008),25,,800,2,6.8,,48.5,2.09,3.46,13.83,1.57,8.51,17.14,3.8,0.09,0,98.99,61.7,0.51,20,2.5,0.28,0.14,0.41,9.9,4.7,0,100
Masotta2013_1EA_065,Table 1EA,1,1,Andujar et al. (2008),27b,,750,2,9.6,,46.1,4.23,3.78,18.91,1.79,3.92,16.72,3.77,0.03,0,99.25,61,0.4,20.7,2.5,0.25,0.08,0.32,10.6,4.1,0,100
Masotta2013_1EA_066,Table 1EA,1,1,Andujar et al. (2008),28b,,800,1,4.1,,47.4,3.61,3.76,14.91,1.27,7.62,16.02,4.25,0.05,0,98.89,60.1,0.7,19.8,3.2,0.29,0.21,0.36,10.8,4.5,0,100
Masotta2013_1EA_067,Table 1EA,1,1,Andujar et al. (2008),35,,825,1,3.8,,45.7,3.01,3.94,15.49,1.26,7.95,16.23,4.38,0.09,0,98.05,60.9,0.67,19.6,3.1,0.28,0.23,0.39,9.4,5.4,0,100
Masotta2013_1EA_068,Table 1EA,1,1,Andujar et al. (2008),38,,725,2.5,9.6,,45.9,3.49,4.17,15.8,1.67,7.03,15.57,4.81,0.04,0,98.48,62.6,0.19,20.6,2.4,0.21,0.06,0.23,8.6,5,0,100
Masotta2013_1EA_069,Table 1EA,1,1,Andujar et al. (2008),43,,830,2,2,,47.3,2.92,3.95,13.68,1.23,8.64,17.09,4.15,0.03,0,98.99,61.9,0.57,19.9,2.6,0.21,0.19,0.44,8.9,5.3,0,100
Masotta2013_1EA_070,Table 1EA,1,1,Andujar et al. (2008),44,,860,2,2,,48.9,1.79,3.16,10.75,1.23,10.81,18.26,3.37,0.12,0,98.39,61.5,0.63,19.8,2.7,0.28,0.32,0.6,8.8,5.4,0,100
Masotta2013_1EA_071,Table 1EA,1,1,Andujar et al. (2008),45,,775,2,5.6,,47.1,3.73,3.68,14.56,1.31,7.2,15.42,4.95,0.1,0,98.05,61,0.47,20.5,2.8,0.23,0.17,0.35,9.5,5,0,100
Masotta2013_1EA_072,Table 1EA,1,1,Andujar and Scaillet (2012),MB-22,,850,1,3.12,,52.3,0.86,0.85,11.3,1.14,11.9,20.8,0.92,0,0,100.07,60.7,0.67,19.4,3.1,0.16,0.28,0.6,9.8,5.34,0,100.05
Masotta2013_1EA_073,Table 1EA,1,1,Andujar and Scaillet (2012),MB-43,,850,0.5,2.79,,51.6,1.35,1.82,11.4,0.99,10.5,20.8,1.54,0.1,0,100.1,60.74,0.66,19.7,3.09,0.19,0.28,0.61,9.4,5.4,0,100.07
Masotta2013_1EA_074,Table 1EA,1,1,Andujar and Scaillet (2012),MB-44,,850,0.5,2.55,,50.2,2.13,2.45,12.3,1.03,9.6,20.5,1.68,0,0,99.89,58.9,0.62,20.4,3.18,0.22,0.32,0.78,10.4,5.24,0,100.06
Masotta2013_1EA_075,Table 1EA,1,1,Andujar and Scaillet (2012),MB-57,,800,2,5.53,,50.6,0.96,2.13,14.9,1.3,7.2,19.9,1.7,0.3,0,98.99,61.5,0.31,19.4,2.67,0.15,0.18,0.45,10.1,5.21,0,99.97
Masotta2013_1EA_076,Table 1EA,1,1,Andujar and Scaillet (2012),MB-58,,800,2,4.79,,50,1.11,2.79,14.5,1.25,7.1,18.6,2.04,0.44,0,97.83,60.3,0.47,20.2,2.36,0.25,0.18,0.54,10.5,5.23,0,100.03
Masotta2013_1EA_077,Table 1EA,1,1,Andujar and Scaillet (2012),MB-111,,850,2,4.56,,50.3,1.38,2.25,12.9,1.04,10.1,20.4,1.66,0,0,100.03,59.9,0.7,19,2.96,0.21,0.32,0.66,10.6,5.7,0,100.05
Masotta2013_1EA_078,Table 1EA,1,1,Andujar and Scaillet (2012),MB-112,,850,2,3.83,,50.9,1.02,1.31,12.5,0.94,10.7,21.3,1.27,0,0,99.94,59.5,0.7,19.3,3.02,0.18,0.33,0.65,10.8,5.6,0,100.08
Masotta2013_1EA_079,Table 1EA,1,1,Andujar and Scaillet (2012),MB-113,,850,2,3.31,,50.5,1,1.65,13.1,1.11,10.7,21.3,0.71,0,0,100.07,59.6,0.6,19,3.11,0.22,0.29,0.68,10.8,5.7,0,100
Masotta2013_1EA_080,Table 1EA,1,1,Andujar and Scaillet (2012),MB-114,,850,0.5,2.79,,50.9,1.27,1.88,12,0.95,11,21.2,0.74,0,0,99.94,60,0.7,19.7,3.05,0.13,0.36,0.63,9.8,5.7,0,100.07
Masotta2013_1EA_081,Table 1EA,1,1,Andujar and Scaillet (2012),MB-117,,850,0.5,1.98,,49.9,1.1,2.34,11.6,1.46,11.3,21.4,0.86,0,0,99.96,59.4,0.7,19.4,3.24,0.31,0.37,0.65,10.2,5.8,0,100.07
Masotta2013_2EA_001,Table 2EA,0,1,Kelemen et al. (1990),,5059,1052,5,4.6,,50.04,1.42,4.09,7.63,0.21,15.28,20.22,0.35,,0.28,99.52,50.8,2.5,17.8,8.5,0.1,2.1,10.1,3.1,0.7,,95.7
Masotta2013_2EA_002,Table 2EA,0,1,Kelemen et al. (1990),,5060,1052,5,4.7,,50.54,1.34,3.74,7.67,0.19,15.6,19.92,0.29,,0.32,99.6,49.4,2.3,18.2,8.7,0.1,6.6,7.2,3.2,0.7,,96.4
Masotta2013_2EA_003,Table 2EA,0,1,Kelemen et al. (1990),,5061,1052,5,4.6,,49.69,1.46,3.99,8.05,0.15,14.81,19.83,0.33,,0.27,98.57,49.3,2.3,17.2,11.1,0.2,4.2,8.2,3,0.7,,96.2
Masotta2013_2EA_004,Table 2EA,0,1,Kelemen et al. (1990),,5062,1052,5,4.6,,50.85,1.18,3.37,6.61,0.21,15.91,20.26,0.36,,0.28,99.02,47.7,2.3,18.2,11.4,0.1,7.4,5.5,3,0.7,,96.3
Masotta2013_2EA_005,Table 2EA,0,1,Kelemen et al. (1990),,5063,1052,5,4.3,,50.38,1.53,3.81,7.82,0.21,16.07,19.48,0.28,,0.31,99.89,48.4,2.1,17.1,10.2,0.1,6.4,7.5,2.9,0.7,,95.4
Masotta2013_2EA_006,Table 2EA,0,1,Kelemen et al. (1990),,5068,1075,4.8,3.8,,50.22,1.62,3.74,8.34,0.2,15.77,18.78,0.31,,0.33,99.3,48.1,2.7,14.7,11.7,0.2,6.5,9.4,2.6,0.6,,96.5
Masotta2013_2EA_007,Table 2EA,0,1,Patino-Douce and Beard (1995),,6202,875,3,2.4,,52.3,0.43,3.15,9.1,0.65,14.5,19,0.42,,,99.55,74.7,0.31,14.9,1.86,0.05,0.41,2.97,2.37,2.3,,99.87
Masotta2013_2EA_008,Table 2EA,0,1,Patino-Douce and Beard (1995),,6203,900,3,5.5,,51.5,0.41,2.7,7.9,0.82,15.2,20.1,0.42,,,99.05,75.7,0.36,12.6,2.02,0.18,0.48,2.98,2.6,2.76,,99.68
Masotta2013_2EA_009,Table 2EA,0,1,Patino-Douce and Beard (1995),,6204,925,3,1.6,,52.1,0.35,2.33,6.6,0.51,15.9,20.8,0.51,,,99.1,74.9,0.38,13.6,1.27,0.16,0.54,3.01,3.1,2.63,,99.59
Masotta2013_2EA_010,Table 2EA,0,1,Patino-Douce and Beard (1995),,6207,900,5,3.9,,48.9,0.63,3.3,11.2,0.46,14.4,17.5,0.54,,,96.93,75,0.41,13.2,2.42,0.11,0.64,2.03,1.88,3.88,,99.57
Masotta2013_2EA_011,Table 2EA,0,1,Patino-Douce and Beard (1995),,6208,925,5,1.7,,50.1,0.53,3.85,10.2,0.58,14,19.4,0.39,,,99.05,76,0.48,13.2,2.46,0.07,0.64,2.82,1.63,2.34,,99.64
Masotta2013_2EA_012,Table 2EA,0,1,Putirka et al. (1996),,,1150,8,5.22,,49.66,2.66,4.42,5.58,0.1,13.53,23.59,0.36,0.05,0.03,99.98,38.94,6.47,10.62,14.59,0.26,5.71,14.09,2.67,6.65,0,100
Masotta2013_2EA_013,Table 2EA,0,1,Putirka et al. (1996),,,1170,10,5.97,,49.46,2.3,4.29,5.57,0.16,13.9,23.56,0.39,0.01,0,99.64,39.15,6.57,10.61,14.23,0.29,5.8,14.27,2.65,6.43,0,100
Masotta2013_2EA_014,Table 2EA,0,1,Putirka et al. (1996),,,1200,12,6.47,,51.33,2.16,4.69,5.56,0.12,13.22,23.41,0.49,0.03,0.05,101.06,39.35,6.35,10.35,14.16,0.28,5.89,14.54,2.73,6.35,0.01,100
Masotta2013_2EA_015,Table 2EA,0,1,Putirka et al. (1996),,,1225,15,4.14,,48.91,2.24,6.13,6.24,0.11,12.51,22.93,0.55,0.04,0.01,99.67,38.54,6.42,10.26,15.23,0.25,5.88,14.12,2.59,6.69,0.02,100
Masotta2013_2EA_016,Table 2EA,0,1,Kawamoto (1996),,1618,1075,5,,,50.3,0.8,6.1,8,,16.2,18.8,0.8,,,101,57.5,1.74,17.2,7.12,,3.88,7.25,3.84,0.7,0.79,100.02
Masotta2013_2EA_017,Table 2EA,0,1,Kawamoto (1996),,1622,975,5,,,50.4,0.9,4.8,10.4,,14.8,17.2,0.4,,,98.9,63.5,0.35,18.9,3,,2.96,5.3,4.44,0.74,0.86,100.05
Masotta2013_2EA_018,Table 2EA,0,1,Kawamoto (1996),,1631,1050,5,,,52,0.1,4.1,4.4,,16.7,22.5,0.3,,,100.1,54.2,1.22,19.1,7.14,,5.7,8.97,3.08,0.36,0.26,100.03
Masotta2013_2EA_019,Table 2EA,0,1,Kawamoto (1996),,1632,1050,5,,,51.8,0.6,5.3,6.3,,16.7,20.2,0.6,0.1,,101.6,60,0.79,18.1,5.21,,4,6.83,3.86,0.55,0.68,100.02
Masotta2013_2EA_020,Table 2EA,0,1,Kawamoto (1996),,1635,975,5,,,50.8,0.4,5.8,6,,15.8,19.9,0.6,0.1,,99.4,65.3,0.27,19,2.85,,2.2,4.01,4.88,0.91,0.8,100.22
Masotta2013_2EA_021,Table 2EA,0,1,Kawamoto (1996),,1636,975,5,,,48.9,0.5,7,6.3,,13.4,20.8,0.3,,,97.2,64.5,0.31,18.7,2.74,,2.63,5.61,4.22,0.73,0.52,99.96
Masotta2013_2EA_022,Table 2EA,0,1,Kawamoto (1996),,1637,975,5,,,49.8,0.6,5.7,8,,13.5,19.6,0.7,,,97.9,63.4,0.35,18.9,3,,2.76,5.53,4.44,0.74,0.86,99.98
Masotta2013_2EA_023,Table 2EA,0,1,Springe and Seck (1997),,1256,940,5,,,49.46,0.68,5.48,8.85,0.16,13.71,21.14,0.56,0.02,,100.06,70.95,0.54,13.85,1.93,0.2,1.75,5.23,4.35,1.19,,99.99
Masotta2013_2EA_024,Table 2EA,0,1,Berndt et al. (2001),,3165,840,3,,,46.4,1.56,7.86,12.98,0.53,7.7,22.68,0.52,0.39,,100.62,62.44,0.28,20.74,1.26,0.03,0.03,1.97,5.46,7.79,,100
Masotta2013_2EA_025,Table 2EA,0,1,Berndt et al. (2001),,3166,840,3,,,44.93,1.59,9.04,14.48,0.7,6.51,22.77,0.83,0.13,,100.98,64.24,0.4,20.2,1.38,0.13,0.06,1.95,5.1,6.53,,99.99
Masotta2013_2EA_026,Table 2EA,0,1,Berndt et al. (2001),,3167,840,3,,,42.03,1.29,7.7,12.77,0.48,9.49,23.1,0.74,0.14,,97.74,62.68,0.38,20.34,1.69,0.05,0.23,2.67,4.8,7.12,,99.96
Masotta2013_2EA_027,Table 2EA,0,1,Berndt et al. (2001),,3168,840,3,,,42.44,1.38,8.51,13.14,0.72,8.01,22.66,1.26,0.18,,98.3,62.34,0.31,20.73,1.33,0.06,0.14,1.67,5.64,7.77,,99.99
Masotta2013_2EA_028,Table 2EA,0,1,Berndt et al. (2001),,3169,840,3,,,44.17,1.63,8,13.39,0.31,7.54,23.45,0.57,0.13,,99.19,63.68,0.19,21.22,1.25,0.11,0.06,2.72,3.7,7.09,,100.02
Masotta2013_2EA_029,Table 2EA,0,1,Berndt et al. (2001),,3170,840,3,,,43.27,1.95,6.81,16.1,0.81,6.02,22.37,0.97,0.16,,98.46,63.61,0.29,21.23,1.9,0.11,0.04,1.17,4.73,6.94,,100.02
Masotta2013_2EA_030,Table 2EA,0,1,Berndt et al. (2001),,3171,840,3,,,41.14,1.95,12.01,12.47,0.37,7.68,21.28,0.9,0.45,,98.25,64.2,0.26,20.57,1.09,0.05,0.23,2.42,3.8,7.38,,100
Masotta2013_2EA_031,Table 2EA,0,1,Berndt et al. (2001),,3172,840,3,,,40.94,2.24,9.72,14.33,0.58,7.63,22.57,1.08,0.18,,99.27,62.54,0.34,20.4,1.3,0.11,0.14,2.12,5.01,8.04,,100
Masotta2013_2EA_032,Table 2EA,0,1,Pichavant et al. (2002),,2531,1000,4.3,8.1,,50.1,0.57,4.17,6.63,0.21,14.5,22.1,0.2,0.03,,98.51,46.99,0.73,16.98,7.24,0.18,3.79,8.41,2.96,0.69,,87.98
Masotta2013_2EA_033,Table 2EA,0,1,Pichavant et al. (2002),,2532,1000,4.3,6.8,,49.4,0.76,5.78,9.47,0.43,13.54,19.36,0.44,0.08,,99.26,51.38,0.77,17.04,7.62,0.04,3.21,6.78,3.41,0.86,,91.09
Masotta2013_2EA_034,Table 2EA,0,1,Pichavant et al. (2002),,2533,1000,4.3,5.9,,49.4,0.87,4.6,13.5,0.38,14.1,16.8,0.32,0.08,,100.05,53.74,1.3,16.19,9.1,0.16,2.41,5.74,2.51,1.3,,92.45
Masotta2013_2EA_035,Table 2EA,0,1,Pichavant et al. (2002),,2535,1016,3.9,5.4,,48.7,0.69,6.09,8.18,0.26,14,20.5,0.42,0.08,,98.92,49.78,0.82,17.33,7.69,0.12,4.19,8.77,3.24,0.77,,92.72
Masotta2013_2EA_036,Table 2EA,0,1,Pichavant et al. (2002),,2536,1016,3.9,4.3,,49.8,0.8,5.72,10.9,0.22,14.3,17.5,0.43,0.06,,99.73,52.3,0.95,16.62,9.07,0.17,3.42,7.24,3,1.09,,93.85
Masotta2013_2EA_037,Table 2EA,0,1,Pichavant et al. (2002),,2540,995,4,6.4,,49,0.78,5.92,10,0.39,14.5,19.1,0.39,0.04,,100.12,52.06,0.71,17.29,7,0.14,3.2,7.59,2.94,0.54,,91.48
Masotta2013_2EA_038,Table 2EA,0,1,Pichavant et al. (2002),,2541,995,4,3.9,,49,0.73,5.05,11.2,0.41,15.2,16.8,0.28,0.02,,98.69,56.23,0.75,16.53,6.59,0.11,2.49,5.97,3.26,1.49,,93.42
Masotta2013_2EA_039,Table 2EA,0,1,Prouteau and Scaillet (2003),,1427,950,4,4.41,,52.53,0.12,3.19,6.57,,16.03,17.44,0.68,0.16,,96.72,74.84,0.22,13.62,1.83,0.1,0.66,1.99,4.16,2.59,,100.01
Masotta2013_2EA_040,Table 2EA,0,1,Prouteau and Scaillet (2003),,1436,892,8.3,9.32,,49.89,0.91,8.72,8.11,0.27,11.5,22.08,0.98,0.01,,102.47,69.67,0.23,17.58,1.06,0.04,0.54,4.11,4.99,1.76,,99.98
Masotta2013_2EA_041,Table 2EA,0,1,Prouteau and Scaillet (2003),,1437,892,8.3,7.96,,48.41,0.73,7.06,8.01,0.33,12.44,21.88,0.99,0.02,,99.87,71.34,0.21,16.65,0.95,0.12,0.57,3.68,4.41,2.07,,100
Masotta2013_2EA_042,Table 2EA,0,1,Prouteau and Scaillet (2003),,1440,892,9.7,10.4,,49.55,0.31,5.03,5.93,0.34,13.79,22.7,0.88,0.02,,98.55,62.72,0.23,15.86,1.09,0.1,0.67,3.69,3.74,1.5,,89.6
Masotta2013_2EA_043,Table 2EA,0,1,Prouteau and Scaillet (2003),,1441,892,9.7,8.15,,48.02,0.61,7.41,8.31,0.3,11.57,20.61,1.1,0.1,,98.03,66.1,0.25,15.07,1.03,0.1,0.53,2.87,3.02,1.95,,90.92
Masotta2013_2EA_044,Table 2EA,0,1,Prouteau and Scaillet (2003),,1443,943,9.6,6.81,,49.09,0.6,7.65,7.9,0.35,13.06,20.33,1.11,0.06,,100.15,6.54,0.02,1.57,0.11,0.01,0.09,0.3,0.5,0.17,,9.31
Masotta2013_2EA_045,Table 2EA,0,1,Prouteau and Scaillet (2003),,1444,943,9.6,5.96,,51.71,0.49,6.55,7.21,0.42,13.89,18.72,1.21,0.13,,100.33,69.1,0.24,13.84,0.92,0.11,0.84,2.21,4.46,2.32,,94.04
Masotta2013_2EA_046,Table 2EA,0,1,Prouteau and Scaillet (2003),,1446,995,9.8,5.31,,49.92,0.48,6.01,8.28,0.29,13.54,20.23,1.01,0.04,,99.8,64.22,0.3,16.18,1.73,0.09,1.47,3.88,5.24,1.58,,94.7
Masotta2013_2EA_047,Table 2EA,0,1,Prouteau and Scaillet (2003),,1447,995,9.8,4.79,,48.83,0.62,7.63,9.48,0.31,13.35,18.79,1.06,0.02,,100.09,66.29,0.31,16.22,1.42,0.12,0.85,2.92,5.15,1.91,,95.21
Masotta2013_2EA_048,Table 2EA,0,1,Di Carlo et al. (2006),,30475,1100,4,3.5,,48,0.64,6.53,6.94,0.13,13.8,21.5,0.37,0.1,0.14,98.15,48.79,0.82,17.01,7.57,0.19,5.36,8.88,2.57,2.1,0.73,94.02
Masotta2013_2EA_049,Table 2EA,0,1,Feig et al. (2006),,30546,1160,5,1.3,,51.5,0.38,4.84,7.42,0.18,17.01,18.31,0.5,,0.2,100.34,52.7,,17.46,8.52,0.2,6.29,9.24,3.92,0.09,,98.42
Masotta2013_2EA_050,Table 2EA,0,1,Feig et al. (2006),,30548,1100,5,3.6,,50.9,0.39,4.97,7.48,0.19,16.1,19.1,0.55,,0.22,99.9,52.66,0.8,17.76,8.22,0.2,5.22,8.04,4.29,0.11,,97.3
Masotta2013_2EA_051,Table 2EA,0,1,Feig et al. (2006),,30549,1100,5,2.8,,50.89,0.44,4.89,8.39,0.2,16.36,18.1,0.59,,0.17,100.03,52.62,0.95,17.71,8.66,0.12,5.14,7.74,4.56,0.15,,97.65
Masotta2013_2EA_052,Table 2EA,0,1,Feig et al. (2006),,30552,1130,5,4.4,,50.13,0.18,5.89,4.8,,16.1,21.37,0.41,,0.8,99.68,49.86,0.36,17.57,6.1,,8.14,11.34,3.01,0.04,,96.42
Masotta2013_2EA_053,Table 2EA,0,1,Feig et al. (2006),,30553,1130,5,2.7,,50.11,0.36,5.48,7.28,0.16,16.15,19.01,0.52,,0.31,99.38,52.1,0.7,17.48,8.16,0.17,6.27,8.82,4.01,0.08,0.05,97.84
Masotta2013_2EA_054,Table 2EA,0,1,Medard and Grove (2007),,20026,975,4.9,9.81,,54.04,0.29,1.85,5.46,0.13,17.84,20.09,0.3,,0.51,100.51,50.5,0.56,14.89,3.84,0.05,3.55,5.53,2.64,0.62,0.23,82.4
Masotta2013_2EA_055,Table 2EA,0,1,Medard and Grove (2007),,20027,1000,4.8,9.81,,53.74,0.24,1.82,4.59,0.11,17.69,21.4,0.27,,0.67,100.53,49.69,0.57,14.19,3.94,0.05,4.12,5.83,2.52,0.61,0.21,81.72
Masotta2013_2EA_056,Table 2EA,0,1,Medard and Grove (2007),,20028,1025,4.9,9.81,,54.09,0.2,1.58,4.45,0.12,18.3,21.07,0.26,,0.7,100.77,54.23,0.6,14.82,4.54,0.11,5.25,7.06,2.51,0.56,0.13,89.81
Masotta2013_2EA_057,Table 2EA,0,1,Villiger et al. (2007),,55079,1210,7,,,52.45,0.25,5.08,5.64,0.22,19.86,16.53,0.31,0.01,1.02,101.37,50.72,0.72,16.91,7.69,0.21,8.72,12.26,2.13,0.11,,99.47
Masotta2013_2EA_058,Table 2EA,0,1,Villiger et al. (2007),,55080,1180,7,,,53.34,0.37,3.61,6.26,0.21,18.78,17.5,0.4,0.01,0.51,100.99,52.08,1.14,16.76,8.1,0.17,7.05,10.53,2.81,0.17,,98.81
Masotta2013_2EA_059,Table 2EA,0,1,Villiger et al. (2007),,55081,1150,7,,,52.81,0.46,2.51,7.72,0.19,18.44,16.68,0.35,0.01,0.57,99.74,54.74,1.47,14.86,7.99,0.16,4.7,9.06,3.07,0.31,,96.36
Masotta2013_2EA_060,Table 2EA,0,1,Villiger et al. (2007),,55085,1180,7,,,52.64,0.42,3.59,7.61,0.19,17.72,18.52,0.38,0.01,0.13,101.21,51.8,0.95,15.77,9.82,0.16,7.2,10.22,2.88,0.31,,99.11
Masotta2013_2EA_061,Table 2EA,0,1,Villiger et al. (2007),,55086,1150,7,,,51.73,0.73,2.5,13.9,0.36,16.62,14.34,0.37,0.01,0.09,100.65,52.63,1.77,14.78,12.35,0.19,4.32,8.22,3.47,0.74,,98.47
