id,split,eruption,sample_id,crystal_id,crystal_number,rim_core,source,pair_mine_id,pair_liq_id,pair_row_idx_mine,pair_row_idx_liq,liq_is_synthetic,liq_mix_f,liq_endmember1_idx,liq_endmember2_idx,kd_value,kd_error,if_pass_test,SiO2_cpx,SiO2_liq,TiO2_cpx,TiO2_liq,Al2O3_cpx,Al2O3_liq,Cr2O3_cpx,FeO_cpx,FeO_liq,MnO_cpx,MnO_liq,MgO_cpx,MgO_liq,NiO_cpx,CaO_cpx,CaO_liq,Na2O_cpx,Na2O_liq,K2O_cpx,K2O_liq
merapi_2006_0001,merapi_kd028_pass,2006,2006px2 Line 001 ,2006px2,1,rim,"Costa et al., 2013",0,9581,0,9581,True,0.9658405376432017,4.0,5.0,0.2799974498225476,2.55017745243169e-06,True,50.74292206045024,52.47539143682827,0.6756554755000151,0.8531593850580984,3.41913559946984,18.39670977788377,0.0,9.25687863114991,8.459664725024174,0.6288180015346747,0.2059008645171842,14.74682850508735,3.773473351430419,0.0,20.01454951318923,9.289542091580143,0.4275165176836378,3.227156772573655,0.03089280197713933,2.102598310398549
merapi_2006_0002,merapi_kd028_pass,2006,2006px2 Line 002 ,2006px2,1,rim,"Costa et al., 2013",1,4919,1,4919,True,0.8240018514363057,4.0,4.0,0.2799870689065713,1.293109342870302e-05,True,49.95889724310778,55.32033149337893,0.9323308270676691,0.8004807313173407,4.41704260651629,17.68714486652847,0.0,8.972431077694235,7.617212892427868,0.4601503759398496,0.1925761832921943,13.69523809523809,3.255318781811188,0.0,21.11779448621554,8.010624509257537,0.4110275689223057,3.305070894692526,0.02305764411027569,2.676072677569411
merapi_2006_0003,merapi_kd028_pass,2006,2006px2 Line 003 ,2006px2,1,rim,"Costa et al., 2013",2,13958,2,13958,True,0.6585211299487123,4.0,1.0,0.2800157045766593,1.570457665922564e-05,True,49.06992887395499,58.26741240487385,1.013068278991157,0.7019923959347665,5.125702960734801,16.9772955778768,0.0,9.046186658081911,6.541632102387472,0.4124706994899448,0.1662907046334352,13.03910423436384,2.640284448380799,0.0,21.8619530990634,6.571571154848154,0.3963742819488738,3.381325279997234,0.02213257411897264,3.394064000882382
merapi_2006_0004,merapi_kd028_pass,2006,2006px2 Line 004 ,2006px2,1,rim,"Costa et al., 2013",3,16902,3,16902,True,0.6395316698515748,6.0,3.0,0.2799995963332798,4.036667202722555e-07,True,48.04297774366846,58.4291748486249,1.000727067092136,0.678870656423654,6.222482530193481,17.77116069859637,0.0,9.638688047824857,5.57588540411176,0.3302096376782324,0.159267078693228,12.31772831926324,1.995188537388027,0.0,22.04023104576483,6.360020299309444,0.3837298541826554,3.662432928994528,0.01312760027466979,3.175360921358079
merapi_2006_0005,merapi_kd028_pass,2006,2006px2 Line 005 ,2006px2,1,rim,"Costa et al., 2013",4,11378,4,11378,True,0.8696088748523045,6.0,3.0,0.2800001900063491,1.900063490989368e-07,True,49.06465310046467,54.23624786469161,0.8251882711103989,0.7817151670589801,5.260575228328793,18.75336028674448,0.0,9.389520910110559,6.887165338881239,0.3645249158788656,0.1852658028583104,12.89957538855953,2.649298031205102,0.0,21.78537093414517,8.236529983295396,0.3925652940233937,3.469398153998916,0.01502163114885435,2.310270630555335
merapi_2006_0006,merapi_kd028_pass,2006,2006px2 Line 011 ,2006px2,1,core,"Costa et al., 2013",10,4745,10,4745,True,0.8251604867115327,4.0,6.0,0.2799668715475006,3.31284524994202e-05,True,50.56998860022799,55.1261427999993,0.7239855202895942,0.819471380659633,3.437931241375173,17.76839908011544,0.0,9.182816343673126,7.530515689636495,0.5459890802183957,0.1816759988472683,14.19571608567829,3.259213183797768,0.0,20.92558148837023,8.0503290982392,0.4139917201655967,3.323087017355081,0.003999920001599968,2.676385781427965
merapi_2006_0007,merapi_kd028_pass,2006,2006px2 Line 012 ,2006px2,1,core,"Costa et al., 2013",11,3134,11,3134,True,0.9591114274329677,4.0,2.0,0.2799997359248839,2.640751161631094e-07,True,50.59711695048152,52.6257788873143,0.6745209996180062,0.8529085766669805,3.441967068095458,18.35360669794582,0.0,8.962785741571002,8.421421161943481,0.4272301413377833,0.2055431455901935,14.24737127807153,3.74830339577631,0.0,21.31124469732001,9.224064975803984,0.3297211443736304,3.226250463588035,0.007036731739681137,2.131941935659092
merapi_2006_0008,merapi_kd028_pass,2006,2006px3 Line 023 ,2006px3,2,rim,"Costa et al., 2013",35,5834,35,5834,True,0.7022127964011297,4.0,2.0,0.2799684670032443,3.153299675573429e-05,True,49.12140014634977,57.49991661388137,0.7828710618377924,0.7455249488956721,4.831547398281894,17.24534600367447,0.0,9.00251601327172,6.777508839066577,0.3588576698308958,0.1775411948077231,13.26169545213059,2.795209474648191,0.0,22.25719469532182,6.987762392671834,0.3678792313629575,3.391179384710475,0.0,3.086577248573402
merapi_2006_0009,merapi_kd028_pass,2006,2006px3 Line 024 ,2006px3,2,rim,"Costa et al., 2013",36,17798,36,17798,True,0.6432630158673487,4.0,2.0,0.2800009358429474,9.358429474137786e-07,True,49.40714629065855,58.61837079994879,0.7200368530684185,0.7208839406325518,4.761857074186829,16.99103665045174,0.0,9.092092613363244,6.400285066946275,0.2603749399134754,0.171115668729541,13.07182342573306,2.576505788867864,0.0,22.26606313090851,6.47460455312527,0.4196042300913315,3.429025143813162,0.00100144207659029,3.305634633036932
merapi_2006_0010,merapi_kd028_pass,2006,2006px3 Line 025 ,2006px3,2,rim,"Costa et al., 2013",37,3428,37,3428,True,0.776044156830853,4.0,4.0,0.2800156792466391,1.56792466390332e-05,True,49.32527836049701,56.26596131560925,0.7957479425528482,0.781537441948187,4.755325157334194,17.45747546706296,0.0,8.81172341455543,7.326777736858625,0.300548652573826,0.1878283715262545,13.22716637082459,3.079649746471415,0.0,22.39188316927546,7.582985746460717,0.3761900919799903,3.333701638371981,0.01109407777957076,2.865745359733976
merapi_2006_0011,merapi_kd028_pass,2006,2006px3 Line 026 ,2006px3,2,rim,"Costa et al., 2013",38,5590,38,5590,True,0.7512078556593581,4.0,4.0,0.2799995436317146,4.56368285384201e-07,True,48.88074237596268,56.75568350210878,0.8870154128916902,0.7717271029854464,5.008440630899702,17.33853442075267,0.0,8.852174086763693,7.176367358422969,0.3625975167564003,0.1853695777102765,13.16638531230334,2.988674375280229,0.0,22.42610702120646,7.361520448914495,0.4165376432160302,3.348528910171364,0.0,2.963972930867238
merapi_2006_0012,merapi_kd028_pass,2006,2006px3 Line 027 ,2006px3,2,rim,"Costa et al., 2013",39,2553,39,2553,True,0.9822817688105339,3.0,1.0,0.2800041347572449,4.134757244922405e-06,True,48.92213642213642,52.03563645342206,0.8787805662805663,0.8318141771904666,5.052485521235521,18.68518282729602,0.0,8.953708172458171,7.449459169753514,0.2624276061776062,0.197909248719643,13.04496460746461,3.038989212405527,0.0,22.48733108108108,9.080103764137117,0.3971605534105534,3.356750646083187,0.0,1.974788653850736
merapi_2006_0013,merapi_kd028_pass,2006,2006px3 Line 028 ,2006px3,2,rim,"Costa et al., 2013",40,10701,40,10701,True,0.7516049785125594,4.0,1.0,0.2799987824852813,1.217514718765411e-06,True,49.15905284377538,56.51808763881347,0.7301246627686567,0.7477896494281792,4.895245163425568,17.40054783729661,0.0,8.810638959371772,7.125367432600756,0.3119076512651817,0.1782054372496076,13.1763431585915,2.983670765732831,0.0,22.51752600066193,7.391639860695648,0.3710798423412129,3.331897756409831,0.01504377739221133,3.008603783979492
merapi_2006_0014,merapi_kd028_pass,2006,2006px3 Line 029 ,2006px3,2,rim,"Costa et al., 2013",41,16550,41,16550,True,0.7549931560711998,4.0,2.0,0.27999970009488,2.999051200158753e-07,True,48.94846684861133,56.49851484986112,0.8077139187670573,0.7675871392377615,5.131240969658051,17.47304047529116,0.0,8.770468775084282,7.115254055220532,0.2618799165195055,0.1832942540117608,13.16724193289452,2.991024609024151,0.0,22.5236795633328,7.447215423599793,0.3662305345962434,3.35729439380229,0.01806068389789693,2.890445432039422
merapi_2006_0015,merapi_kd028_pass,2006,2006px3 Line 030 ,2006px3,2,rim,"Costa et al., 2013",42,5881,42,5881,True,0.8888995430759763,6.0,5.0,0.280001740402496,1.740402496008819e-06,True,48.46819246711119,53.89291616079579,0.8820408081536212,0.788560488444177,5.78182255060972,18.78982766068172,0.0,9.148795578782963,7.020662018318978,0.3013555996075369,0.1877789497383574,12.59486193708576,2.706252309646557,0.0,22.38341242666346,8.386420942713753,0.4305079994393384,3.430548790146755,0.009010632546404756,2.236515613008165
merapi_2006_0016,merapi_kd028_pass,2006,2006px3 Line 031 ,2006px3,2,rim,"Costa et al., 2013",43,7032,43,7032,True,0.8517309308360282,3.0,1.0,0.2800079058247457,7.905824745690904e-06,True,48.63523821934423,54.50866097717311,0.8600555327232084,0.7714996900462451,5.749741883100611,18.06023596591207,0.0,9.090726837140767,6.779952174148744,0.3498361082988342,0.1825042498386513,12.752478423432,2.663133349876925,0.0,22.20005813895209,7.975643674872799,0.3568528783793266,3.406490515351473,0.0,2.525843740941125
merapi_2006_0017,merapi_kd028_pass,2006,2006px3 Line 032 ,2006px3,2,rim,"Costa et al., 2013",44,12524,44,12524,True,0.7959872427431963,4.0,3.0,0.2799786851612204,2.131483877965135e-05,True,50.55782558186115,55.56996861582056,0.459680326883788,0.7726859147885047,3.729519689139927,17.81819948993101,0.0,8.988302687978207,7.305561582109053,0.4937307214677722,0.1849064308574132,13.80042462845011,3.140460504732919,0.0,21.51784641269078,7.858948379781604,0.4456595761727356,3.403808744499547,0.004005928774586388,2.714445926124493
merapi_2006_0018,merapi_kd028_pass,2006,2006trav1n Line 001 ,2006trav1,3,rim,"Costa et al., 2013",58,14072,58,14072,True,0.6683286246330312,6.0,3.0,0.2800026645370314,2.66453703134939e-06,True,48.77508235998801,57.90437914468764,0.8535489667565139,0.691742895210965,5.656384146950185,17.89409489855841,0.0,9.568733153638815,5.740008003685534,0.2875112309074573,0.1625211345835325,12.36597783767595,2.077058279831708,0.0,22.07347509234302,6.594888262507003,0.3743635819107517,3.638272283932887,0.04492362982929021,3.067084371379803
merapi_2006_0019,merapi_kd028_pass,2006,2006trav1n Line 002 ,2006trav1,3,rim,"Costa et al., 2013",59,13298,59,13298,True,0.8376519214088094,4.0,1.0,0.2799967368270788,3.263172921208479e-06,True,49.99103782039792,54.90100744096424,0.8603692417996057,0.7901247453331343,4.696182111489515,17.79180328664586,0.0,8.473242914899126,7.664973834789143,0.305709904204258,0.1892194459403276,13.03300073689032,3.301097938077098,0.0,22.29889864770668,8.149713427611612,0.3196510724741591,3.286206829731922,0.0169285614705941,2.65228339344612
merapi_2006_0020,merapi_kd028_pass,2006,2006trav1n Line 017 ,2006trav1,3,rim,"Costa et al., 2013",74,19148,74,19148,True,0.8937439057765483,4.0,3.0,0.2800022664781375,2.266478137502581e-06,True,49.50505917336898,53.78747362207042,1.005847486379149,0.8193158430554135,4.781767018580238,18.15927248725438,0.0,8.380066657353265,7.965621413876659,0.2444768196060431,0.1969305004105154,13.1668229987826,3.504408561206089,0.0,22.56570938192269,8.683623589130962,0.3462590057277426,3.306149838129229,0.0,2.362521939204426
merapi_2006_0021,merapi_kd028_pass,2006,2006trav1n Line 019 ,2006trav1,3,rim,"Costa et al., 2013",76,10696,76,10696,True,0.9231118058218843,4.0,0.0,0.2800256233985809,2.562339858092066e-05,True,49.9375056244938,53.24721226460472,0.6069453749162574,0.8367843001150541,4.588587027167555,18.25166473707522,0.0,8.473237408633223,8.164299971706662,0.3039726424621784,0.1988512118441732,13.39879410853023,3.61520612876426,0.0,22.33598976092152,8.931755634884308,0.3459688628023477,3.271582908779826,0.001999820016198542,2.249954449759364
merapi_2006_0022,merapi_kd028_pass,2006,2006trav1n Line 020 ,2006trav1,3,rim,"Costa et al., 2013",77,9588,77,9588,True,0.8217319490404172,4.0,0.0,0.2800043793820398,4.379382039731983e-06,True,49.90250682452228,55.08948702203754,0.8259421840471166,0.7929882019854603,4.504684672072955,17.88466965552631,0.0,8.533402661813673,7.480282981412129,0.2639815212935094,0.1841511326108605,13.19907606467547,3.239695139245705,0.0,22.38143329966902,8.077022062359758,0.3769736118471707,3.365967555443372,0.01099923005389622,2.605899126919095
merapi_2006_0023,merapi_kd028_pass,2006,2006trav1n Line 023 ,2006trav1,3,rim,"Costa et al., 2013",80,8720,80,8720,True,0.8016652289201162,4.0,6.0,0.2800041179486016,4.117948601556343e-06,True,49.55006299118124,55.56639694049486,0.8408822764812925,0.8126812511579136,4.949307097006419,17.66605373717602,0.0,8.55680204771332,7.375633305607431,0.2599636050952867,0.1778697670850588,13.14715939768432,3.173103063992226,0.0,22.28587997680325,7.844769087822097,0.3849461075449437,3.339627678840238,0.009998600195972564,2.769967393211178
merapi_2006_0024,merapi_kd028_pass,2006,2006trav1n Line 024 ,2006trav1,3,rim,"Costa et al., 2013",81,2945,81,2945,True,0.775937829848425,4.0,5.0,0.2799832553448161,1.67446551839201e-05,True,49.41296071122451,55.95213021113504,0.8681005441824305,0.7595373501152735,5.072059321864971,17.65570941206856,0.0,8.611238463531803,7.217687722856789,0.2641178463930472,0.183112539581811,13.08230510096278,3.070073721758566,0.0,22.29752626228397,7.674799367201158,0.3737516694241234,3.378129425270502,0.01594673789542927,2.784159128674003
merapi_2006_0025,merapi_kd028_pass,2006,2006trav1n Line 025 ,2006trav1,3,rim,"Costa et al., 2013",82,17864,82,17864,True,0.8069050881070965,4.0,2.0,0.2799966439377978,3.356062202253263e-06,True,49.35576913480443,55.51358976334406,0.9441400441130972,0.7892863268287663,5.016118247053305,17.69698855009402,0.0,8.589079513358683,7.447442142153479,0.286435721628392,0.1889526546036735,13.11316706089005,3.183617876877328,0.0,22.32601774504226,7.899108791972274,0.3632843298701557,3.323966933435244,0.004990169366348294,2.697540692594029
merapi_2006_0026,merapi_kd028_pass,2006,2006trav1n Line 026 ,2006trav1,3,rim,"Costa et al., 2013",83,9461,83,9461,True,0.8441758137843636,4.0,4.0,0.2800025180872135,2.518087213521092e-06,True,49.79738946026941,54.92254130379992,0.7546869244018758,0.8084494464448235,4.570933601489462,17.78375797221332,0.0,8.573362936707854,7.739387820585071,0.2996843855474467,0.194573405564652,13.17117852626968,3.329216005892124,0.0,22.45840759067693,8.19051573151517,0.3544439908800367,3.293027039170735,0.0,2.596284656482842
merapi_2006_0027,merapi_kd028_pass,2006,2006trav1n Line 028 ,2006trav1,3,rim,"Costa et al., 2013",85,3380,85,3380,True,0.9641754218689419,4.0,6.0,0.2800126995628873,1.269956288724172e-05,True,49.76365493620687,52.52128094501977,0.6900074108197968,0.8596466969201242,4.659803312836742,18.37394813766111,0.0,8.366214673423196,8.446911873239596,0.2974342540108558,0.2041964183427686,13.33046247521381,3.768702921149672,0.0,22.51687463696998,9.266570765931373,0.3755483005187574,3.225220503004265,0.0,2.122689294696004
merapi_2006_0028,merapi_kd028_pass,2006,2006trav1n Line 029 ,2006trav1,3,rim,"Costa et al., 2013",86,19486,86,19486,True,0.8280214722966821,4.0,6.0,0.2799759551680616,2.404483193846341e-05,True,49.38779184922875,55.07253365210477,0.9173118860412541,0.8202982054937411,5.052717924094193,17.78086153332435,0.0,8.458876017846068,7.549375506882789,0.2920993137666807,0.1821394785120625,13.08544905267791,3.26969869596734,0.0,22.42962607286478,8.07535986112367,0.3761278834803833,3.321072883503136,0.0,2.664990475842315
merapi_2006_0029,merapi_kd028_pass,2006,2006trav1n Line 030 ,2006trav1,3,rim,"Costa et al., 2013",87,17741,87,17741,True,0.8072924272984444,4.0,5.0,0.2800037470948772,3.747094877160073e-06,True,49.33905287576994,55.37809024102008,0.8939284857211424,0.7749951666581332,5.167586593072556,17.77805505131853,0.0,8.541316694664426,7.422748985001738,0.2379809615230781,0.1868750912758133,13.0939524838013,3.186211150713438,0.0,22.35121190304776,7.941407509318673,0.3559715222782178,3.353202520297737,0.0169986401087913,2.671627478425883
merapi_2006_0030,merapi_kd028_pass,2006,2006trav1n Line 031 ,2006trav1,3,rim,"Costa et al., 2013",88,14652,88,14652,True,0.961120605556533,4.0,5.0,0.2799971993555523,2.800644447686906e-06,True,49.53439471312706,52.56180395347099,0.8881546009812756,0.8508324585393707,4.967457695003505,18.37829260288159,0.0,8.311805346951036,8.428796038782115,0.2663462501251627,0.205334472666784,13.22819665565235,3.755990722981398,0.0,22.40312406127966,9.2494085090472,0.3935115650345449,3.230909118582556,0.004005206768799439,2.119538146657603
merapi_2006_0031,merapi_kd028_pass,2006,2006trav1n Line 032 ,2006trav1,3,rim,"Costa et al., 2013",89,10065,89,10065,True,0.831725658603067,4.0,4.0,0.2799724972348179,2.750276518209693e-05,True,49.5146699755834,55.16803346366473,0.9176239843093303,0.8035316351482115,5.033422727454669,17.72413417905009,0.0,8.515790737701638,7.663988809296277,0.2921986951126766,0.1933408402017036,13.03186166593283,3.283611087463034,0.0,22.31517431853661,8.079497697763548,0.3732538125925629,3.300459781813969,0.004002721850858584,2.64552502022487
merapi_2006_0032,merapi_kd028_pass,2006,2006trav1n Line 033 ,2006trav1,3,rim,"Costa et al., 2013",90,6907,90,6907,True,0.6970890812787294,4.0,6.0,0.2799969238817676,3.076118232414604e-06,True,49.05374792004972,57.52594479499917,0.8119323991098815,0.7824587444895528,5.441951845392032,17.21052003805015,0.0,8.735791183015577,6.686260020025074,0.2686393616808003,0.1609284311671542,13.01798279906177,2.789831482886543,0.0,22.2429381928991,6.929832372107603,0.4199995990457288,3.413249286779775,0.007016699745394039,3.186494189266821
merapi_2006_0033,merapi_kd028_pass,2006,2006trav1n Line 034 ,2006trav1,3,rim,"Costa et al., 2013",91,5036,91,5036,True,0.7920049728524002,4.0,6.0,0.2799912145287365,8.785471263539346e-06,True,49.71579577183885,55.74741081869172,0.8226964499401676,0.8098894371543437,4.735739928201037,17.62397366174505,0.0,8.621858795372956,7.311952221391123,0.3330674112485042,0.1763048056020888,13.21400079776625,3.137698225504046,0.0,22.14200239329876,7.76025150748565,0.4088552054248105,3.34642849911191,0.0,2.80844419312889
merapi_2006_0034,merapi_kd028_pass,2006,2006trav2n  Line 009 ,2006trav2,4,rim,"Costa et al., 2013",108,13140,108,13140,True,0.9997777897962373,3.0,6.0,0.2799949264581835,5.073541816558169e-06,True,48.72637882895641,51.70419710632867,0.9650791081616962,0.8399424475572254,4.644316756363048,18.7689787219035,0.0,9.068101808764618,7.539113104603592,0.4542143810949702,0.1999662240490281,13.27135515720471,3.089365589868257,0.0,22.40015376522478,9.228133656498597,0.4086917816533808,3.350123104452885,0.04754582608343787,1.900902840057888
merapi_2006_0035,merapi_kd028_pass,2006,2006trav2n  Line 010 ,2006trav2,4,rim,"Costa et al., 2013",109,7560,109,7560,True,0.4476605428863214,4.0,5.0,0.2799936080720503,6.391927949767062e-06,True,48.06728417338306,61.96223078083723,1.143790849673203,0.5976966476429564,5.953526604915995,16.37477143834243,0.0,9.538273387064438,5.070731286714544,0.3729099001563816,0.1437192651463586,12.45639360038494,1.854134650850934,0.0,22.02373792052608,4.883457596162391,0.4210273066281727,3.639109868405375,0.02305625726773327,3.962346311580993
merapi_2006_0036,merapi_kd028_pass,2006,2006trav2n  Line 011 ,2006trav2,4,rim,"Costa et al., 2013",110,8900,110,8900,True,0.4150920424672335,4.0,5.0,0.2799962877122568,3.71228774326271e-06,True,47.94036012384894,62.55849488650989,1.090191284481808,0.5816403769363462,6.248559604805659,16.24768914970715,0.0,9.68446577621018,4.857731014178681,0.3226485235322999,0.139811045096068,12.34280904618283,1.733500925298633,0.0,21.94711369853405,4.606527637098886,0.3697431837994368,3.66500182623855,0.01903826691650217,4.079234659585099
merapi_2006_0037,merapi_kd028_pass,2006,2006trav2n  Line 012 ,2006trav2,4,rim,"Costa et al., 2013",111,13896,111,13896,True,0.5717503071136336,6.0,0.0,0.2800091551834771,9.1551834770498e-06,True,47.68026212635937,59.63787092220219,1.297565682352705,0.6678436234596807,6.341085894626811,17.42570135129999,0.0,9.776468932799968,5.191720060798392,0.3075562345468068,0.1421862914603405,12.17661366514564,1.810622867288902,0.0,21.98323516996,5.809336753283228,0.4251512654029388,3.690180513215388,0.009045771604317847,3.392104622585851
merapi_2006_0038,merapi_kd028_pass,2006,2006trav2n  Line 013 ,2006trav2,4,rim,"Costa et al., 2013",112,18840,112,18840,True,0.5753352690155177,4.0,0.0,0.2799861823323435,1.381766765651271e-05,True,48.83536713760014,59.56700749145001,0.9174679888901145,0.6865448362147036,5.323319730073899,16.99271367383617,0.0,9.063380493527589,5.817827333516529,0.3549548284886344,0.14842361400725,12.94782966179022,2.327041836433477,0.0,22.13855270678124,5.999651653069829,0.3950627187133389,3.595362864546553,0.005013486278088057,3.470997870486517
merapi_2006_0039,merapi_kd028_pass,2006,2006trav2n  Line 017 ,2006trav2,4,rim,"Costa et al., 2013",116,7030,116,7030,True,0.9284413484690562,4.0,2.0,0.279987146234402,1.285376559800877e-05,True,49.28840225789664,53.2076822954966,0.8727330958004724,0.8400884836600655,4.753993354417711,18.22129597729551,0.0,8.478121622162616,8.225161179747886,0.2702269906721646,0.2022001069831271,13.38023940109692,3.634517402820199,0.0,22.58997557948677,8.957081938423135,0.3422875215180752,3.245940654282866,0.02101765483005725,2.245911949088987
merapi_2006_0040,merapi_kd028_pass,2006,Un   95  2006cpx1-80W,2006cpx1-80,10,,LI thesis,135,19746,135,19746,True,0.8109991810953824,4.0,6.0,0.2799973584549343,2.641545065684703e-06,True,50.2155,55.39149734463472,0.655089,0.8153787633365654,3.57759,17.70671243285149,0.011316,8.78549,7.437163371723438,0.525759,0.1793818673374519,13.5315,3.207311998714577,0.0,20.89,7.9264318354035,0.331915,3.333056576508851,,2.732790261697092
merapi_2006_0041,merapi_kd028_pass,2006,Un   96  2006cpx1-test,2006cpx1-test,11,,LI thesis,139,11432,139,11432,True,0.6294471970741926,4.0,1.0,0.2800072280802169,7.228080216914456e-06,True,50.2869,58.81379882538469,0.783383,0.6876880209605027,3.85129,16.84509640509635,0.0,9.42518,6.359307434156058,0.569999,0.1625692412254967,13.4076,2.533030710006697,0.0,20.9251,6.315429806223637,0.374634,3.396763538353603,,3.514459156915769
merapi_2006_0042,merapi_kd028_pass,2006,Un   97  2006cpx1-80E,2006cpx1-80,10,,LI thesis,140,89,140,89,True,0.9871437221189596,3.0,4.0,0.2799920485428923,7.951457107691073e-06,True,50.7137,51.95542852894052,0.644828,0.8353074585734203,2.47001,18.70534577853625,0.013923,9.74894,7.477156941336417,0.757461,0.1988557912685874,14.2183,3.053321039205391,0.0,19.187,9.119860267393127,0.413772,3.355746756212825,,1.951875081249998
merapi_2010_0043,merapi_kd028_pass,2010,2010-cpx1 Line 002 ,2010-cpx1,5,rim,"Costa et al., 2013",0,6018,0,6018,True,0.9798151998883223,8.0,2.0,0.2799998030112246,1.969887754582622e-07,True,46.94433827523084,52.21925759633236,1.620365713825914,0.8012801663517554,7.250910261310374,20.32791380497985,0.0,10.17782784494377,7.316811940810735,0.348011506507614,0.1982035527900607,12.05970509545171,2.427510995764919,0.0,21.10498682384181,8.704395375939075,0.4143952042807427,3.358699648848133,0.07443020659411398,1.818882198836436
merapi_2010_0044,merapi_kd028_pass,2010,2010-cpx1 Line 003 ,2010-cpx1,5,rim,"Costa et al., 2013",1,4057,1,4057,True,0.3600323014992665,3.0,6.0,0.2799981517158307,1.848284169325698e-06,True,45.8892464630518,63.31621520298315,1.790232153338596,0.5914490121182954,8.05958669824114,16.35253615081941,0.0,10.46005626733054,4.764641281385837,0.2702046268747344,0.1840008075374817,11.39312243204404,1.453095364769743,0.0,21.69631833545854,3.948235800944645,0.3926569109640335,3.794240290713493,0.04857611269658146,4.184052791323935
merapi_2010_0045,merapi_kd028_pass,2010,2010-cpx1 Line 004 ,2010-cpx1,5,rim,"Costa et al., 2013",2,5871,2,5871,True,0.5042665290472177,4.0,3.0,0.2799977644084414,2.235591558652494e-06,True,46.05477168299922,61.73963469873554,1.771845647135364,0.6292970248303542,8.817549709266864,16.87453053777521,0.0,10.42573089903631,5.66180804818495,0.2815841906233482,0.1628199896785413,10.5578823242386,1.60538799610683,0.0,21.59760907575326,4.879621881095026,0.4615134387833936,3.560544483515093,0.02643028504045867,3.883632778473397
merapi_2010_0046,merapi_kd028_pass,2010,2010-cpx1 Line 005 ,2010-cpx1,5,rim,"Costa et al., 2013",3,2435,3,2435,True,0.03993706062490099,2.0,6.0,0.2800051065098412,5.106509841146245e-06,True,45.14503974398679,67.54974995209687,1.826158769484876,0.5009443280956003,8.919170021678537,15.0069290459902,0.0,10.69681015794364,3.156421478543905,0.3241457623619283,0.1759984265156225,10.85475379374419,0.896864080392349,0.0,21.80964178796325,1.598760683161809,0.3675028388561991,3.795353139608114,0.0299370290079488,5.249244490029696
merapi_2010_0047,merapi_kd028_pass,2010,2010-cpx1 Line 006 ,2010-cpx1,5,rim,"Costa et al., 2013",4,15157,4,15157,True,0.2869733259609272,1.0,6.0,0.2799988812011857,1.118798814370159e-06,True,45.27586520670933,64.4205004532683,1.71979738542267,0.5595866249046616,8.928589483049732,16.07615963478101,0.0,10.5958122276482,4.313765818734631,0.2032212078012679,0.1821743331490232,10.99416623697008,1.253259215947188,0.0,21.87003953208569,3.308725148909225,0.371055638124703,3.819410359270131,0.03437572669275178,4.446623663952948
merapi_2010_0048,merapi_kd028_pass,2010,2010-cpx1 Line 007 ,2010-cpx1,5,rim,"Costa et al., 2013",5,257,5,257,True,0.8084555672986753,1.0,0.0,0.280005844839572,5.844839571944593e-06,True,45.1748581745812,57.99197926331432,1.758327434626945,0.6683226926701734,8.972188881707856,18.28157723163173,0.0,10.58997322500231,6.700745481031766,0.2379999794827604,0.1827610010568808,10.78899044922496,1.911508200982182,0.0,22.07449809702603,6.861494407348097,0.3682844510099611,3.82487489288155,0.02974999743534505,2.85154787798589
merapi_2010_0049,merapi_kd028_pass,2010,2010-cpx1 Line 008 ,2010-cpx1,5,rim,"Costa et al., 2013",6,1295,6,1295,True,0.5315560978625405,0.0,6.0,0.2800077662750068,7.76627500681526e-06,True,44.94716823789039,61.53890624508601,1.801059686162044,0.6233574683677725,9.161912316563445,17.18182017206312,0.0,10.37617841779296,5.530695059991033,0.2318699087774964,0.1882889024465635,10.92229307136101,1.630144810206636,0.0,22.17917035319482,5.014314880144656,0.3539067028709155,3.848939614667017,0.023390385534572,3.667920920980482
merapi_2010_0050,merapi_kd028_pass,2010,2010-cpx1 Line 009 ,2010-cpx1,5,rim,"Costa et al., 2013",7,16888,7,16888,True,0.2574306951579124,7.0,4.0,0.2800021365885482,2.136588548196094e-06,True,44.34170772755844,64.2056106632675,1.907050307196301,0.683615104484636,9.581888598252124,15.78323614138912,0.0,10.57647464363201,4.168196646708768,0.2129083277571628,0.1416836239545279,10.76707828943366,1.188136898716696,0.0,22.26007259160127,3.407763938152568,0.3295009834337044,3.691580879805462,0.01824928523632824,4.599041938178043
merapi_2010_0051,merapi_kd028_pass,2010,2010-cpx1 Line 010 ,2010-cpx1,5,rim,"Costa et al., 2013",8,8856,8,8856,True,0.7473667086681287,5.0,1.0,0.2800015856658248,1.585665824810345e-06,True,44.6323699771333,58.12532644706658,1.839409293751448,0.7163364105843685,9.636248249740609,18.08371881725774,0.0,10.30814638716241,7.047233478270033,0.2750047848817883,0.1918946683467251,10.73828207633649,2.055575257179817,0.0,22.23106445991277,6.882956037087907,0.3384674275468163,3.824232217666788,0.001007343534365525,2.936595550936811
merapi_2010_0052,merapi_kd028_pass,2010,2010-cpx1 Line 011 ,2010-cpx1,5,rim,"Costa et al., 2013",9,1439,9,1439,True,0.2220553872582224,5.0,6.0,0.2800011849694209,1.184969420919835e-06,True,45.51361982097058,65.15295514089294,1.501373640298856,0.5551740069176263,8.679784678081566,15.80205121150956,0.0,10.41330859767039,4.155662487993265,0.2068063623369119,0.180995495455972,10.98709487748751,1.227705703123504,0.0,22.2671654349523,2.960989311838263,0.4075301846050911,3.777454621377248,0.01926137688432022,4.637557061944795
merapi_2010_0053,merapi_kd028_pass,2010,2010-cpx1 Line 012 ,2010-cpx1,5,rim,"Costa et al., 2013",10,14518,10,14518,True,0.9408565097912441,5.0,4.0,0.2800006107589095,6.107589094472843e-07,True,46.45026114417587,55.79778653942591,1.380622697275193,0.7704778980763903,7.854569010891129,18.93219352618004,0.0,10.16134256447629,7.981876666476543,0.2935341511802096,0.1970319468224645,11.18871209360703,2.460894511029006,0.0,22.25899834001376,8.26985414586644,0.380582209806065,3.737806940707555,0.0101218672820762,2.245050480553757
merapi_2010_0054,merapi_kd028_pass,2010,2010-cpx1 Line 013 ,2010-cpx1,5,rim,"Costa et al., 2013",11,16676,11,16676,True,0.3222879415159177,4.0,2.0,0.2800025879305247,2.587930524711179e-06,True,44.43707544515454,64.5729842107433,1.96953253748141,0.5075597524893989,9.62860243578922,16.29636516824911,0.0,11.45946380481531,4.447402605494131,0.2220748422364243,0.1396836267949167,9.928051770569557,1.078867790457758,0.0,21.92310784195506,3.574283032258185,0.4300815949194099,3.767786194397847,0.0,4.485185107010569
merapi_2010_0055,merapi_kd028_pass,2010,2010-cpx1 Line 014 ,2010-cpx1,5,rim,"Costa et al., 2013",12,8688,12,8688,True,0.4097696314242608,0.0,0.0,0.2800010648039675,1.064803967498751e-06,True,44.7422638765452,63.55090520013661,1.701745172497374,0.5440435176328546,9.53684253050012,16.49008279653984,0.0,11.52742991031752,4.757396366257852,0.2949018340470227,0.1468792668281835,9.86608224933344,1.14009557695131,0.0,21.86515310656863,3.979615450822952,0.4605316312515149,3.693419370998491,0.0,4.365690887367538
merapi_2010_0056,merapi_kd028_pass,2010,2010-cpx1 Line 015 ,2010-cpx1,5,rim,"Costa et al., 2013",13,5877,13,5877,True,0.1346023996582437,5.0,3.0,0.2799969867108625,3.013289137543396e-06,True,44.90553136720596,66.85335093188104,1.631959457421243,0.5169191294961061,9.108002936119295,15.08628457917939,0.0,11.70123980653789,3.635602789350073,0.2403193532493389,0.1353643847736848,10.13061708781209,0.881320365721272,0.0,21.81074096791385,2.058554043773261,0.4524841379171652,3.425380044679702,0.01709384521020402,5.258413675670992
merapi_2010_0057,merapi_kd028_pass,2010,2010-cpx1 Line 016 ,2010-cpx1,5,rim,"Costa et al., 2013",14,452,14,452,True,0.5047274558073246,1.0,0.0,0.2799821560205399,1.784397946014149e-05,True,45.31543922813972,62.10202806801529,1.682881935314226,0.5705222407699585,8.821982645280043,16.88868011233239,0.0,11.40597503994822,5.179675098683082,0.281154554096968,0.1554254710226592,10.31371993770101,1.311341452675273,0.0,21.68834321082546,4.659769327147296,0.4702765023564393,3.72160733497449,0.01517020975343352,3.995691673973808
merapi_2010_0058,merapi_kd028_pass,2010,2010-cpx1 Line 017 ,2010-cpx1,5,rim,"Costa et al., 2013",15,2032,15,2032,True,0.509831844219614,3.0,4.0,0.2800006717020297,6.717020297197784e-07,True,45.48153872748905,61.56089506889967,1.468360093958776,0.6959846084771617,8.549841876735034,16.98198055076255,0.0,11.0838815956722,5.334169189484472,0.2826898241831993,0.1598062112260084,10.55002491331184,1.421632905393551,0.0,22.07726177281094,5.016283718702602,0.488097538158042,3.830390425658384,0.0162699179386014,3.74960963297499
merapi_2010_0059,merapi_kd028_pass,2010,2010-cpx1 Line 018 ,2010-cpx1,5,rim,"Costa et al., 2013",16,19283,16,19283,True,0.3515538819014251,7.0,1.0,0.2800046137817918,4.613781791784621e-06,True,47.7964148139161,61.91453219900798,0.7198681589776255,0.6482314276102874,5.91768024507871,16.1184288867914,0.0,10.80105553701963,5.18076712492133,0.417563974238426,0.1788745863312684,12.35706269525918,1.659618661969424,0.0,21.53639277300899,4.326289551165346,0.4529507517162588,3.785546844643013,0.0,4.320242040217757
merapi_2010_0060,merapi_kd028_pass,2010,2010-cpx1 Line 019 ,2010-cpx1,5,core,"Costa et al., 2013",17,8771,17,8771,True,0.8092522312773052,7.0,1.0,0.2800725605111906,7.256051119058915e-05,True,51.74368267391523,54.81059611834495,0.3906171348031814,0.8047642630968384,2.338669082855129,17.8206090481203,0.0,9.564079331521192,7.652827948784915,0.7822410147991544,0.2008441071013106,14.46189469445283,3.240966459063089,0.0,20.30504379341589,8.034561577808727,0.408738548273432,3.372245235156594,0.004026980771166818,2.668408697320205
merapi_2010_0061,merapi_kd028_pass,2010,2010-cpx1 Line 020 ,2010-cpx1,5,core,"Costa et al., 2013",18,5387,18,5387,True,0.7908311723232969,7.0,0.0,0.2800073241282617,7.324128261654295e-06,True,52.09182082465723,55.42302191437344,0.3208900423494382,0.7733640016133632,1.875044009214272,17.70252811771096,0.0,9.659896792105501,7.421558158463867,0.7071652030459405,0.1890831172323297,14.64224281015179,3.149920583951343,0.0,20.25128003943226,7.785540627361564,0.4486425043506252,3.273209089686846,0.003017774692941425,2.799314298009646
merapi_2010_0062,merapi_kd028_pass,2010,2010-cpx1 Line 021 ,2010-cpx1,5,core,"Costa et al., 2013",19,3489,19,3489,True,0.9914220915336776,7.0,0.0,0.2799965137473102,3.486252689866021e-06,True,52.41215068782218,51.99652783242172,0.3687812132600461,0.866037006288559,1.880080790216747,18.49606579410723,0.0,9.122059547614981,8.631336033586019,0.8390526241747641,0.2091422091533677,14.60453992785152,3.869239620239767,0.0,20.2658842207864,9.50641012326742,0.5014218676206076,3.203002267963213,0.004019413768501864,2.013599667462585
merapi_2010_0063,merapi_kd028_pass,2010,nov10_px5an Line 026 ,nov10_px5,6,rim,"Costa et al., 2013",84,17229,84,17229,True,0.6714500906046408,9.0,6.0,0.2799933632122469,6.636787753144802e-06,True,48.08638380755406,57.17955158302026,0.7620328909058052,0.7253360816210196,6.171562820023695,17.83973915545577,0.0,9.527921126081806,6.098175893316984,0.2891508202646533,0.191786252265116,12.84813557960683,2.302446997880535,0.0,21.88711070058834,6.678171723025034,0.4156543041304391,3.5016050109494,0.007027971325876991,2.989309127538084
merapi_2010_0064,merapi_kd028_pass,2010,nov10_px5an Line 027 ,nov10_px5,6,rim,"Costa et al., 2013",85,10975,85,10975,True,0.6093322878257499,6.0,4.0,0.279998405979791,1.594020209050306e-06,True,47.33138836451005,58.25892021969349,0.81264700834856,0.7536624356094908,7.497551963981062,17.23115988174563,0.0,9.485256261419963,5.611470928656983,0.2402608546421829,0.1679652476017115,11.95146326936472,1.979722362000781,0.0,22.32205049515945,6.119503675668621,0.3533247862385043,3.550021868633216,0.004037997557011478,3.30913843781252
merapi_2010_0065,merapi_kd028_pass,2010,nov10_px5an Line 028 ,nov10_px5,6,rim,"Costa et al., 2013",86,17829,86,17829,True,0.6237359316552902,9.0,5.0,0.2800100678768651,1.006787686508304e-05,True,47.12745413582234,57.78164390760904,0.9786369488252332,0.6917519570721844,7.622907949790794,17.57993781375102,0.0,9.721998712584487,6.023542043891313,0.2444077888638558,0.165007441643942,11.79896202124235,2.04698111926058,0.0,22.14757000321854,6.306819336317834,0.3359349855165754,3.523674869729949,0.01408110717734149,3.328066385925597
merapi_2010_0066,merapi_kd028_pass,2010,nov10_px5an Line 029 ,nov10_px5,6,rim,"Costa et al., 2013",87,16574,87,16574,True,0.6493189868694299,9.0,1.0,0.2799947642915669,5.235708433082298e-06,True,46.89487092050629,57.29941319466828,1.198523659559104,0.7305875239032621,7.71367821394901,17.73228612192556,0.0,9.601227609170962,6.10543634788029,0.2196457585300784,0.1866741215010383,11.88995647202776,2.116996391188782,0.0,22.07590315527651,6.556973115292681,0.3951617756203237,3.620555992756013,0.01103243535995828,3.141716738489119
merapi_2010_0067,merapi_kd028_pass,2010,nov10_px5an Line 030 ,nov10_px5,6,rim,"Costa et al., 2013",88,9438,88,9438,True,0.3942127772862092,7.0,1.0,0.2799969807857353,3.019214264765591e-06,True,46.94554445494201,61.25242348374074,1.24731139566205,0.6628207698318835,7.443664944619776,16.27707731872741,0.0,9.797575733210042,5.411170805017226,0.2542866906547129,0.180922213309738,11.68512674131103,1.807005145523853,0.0,22.25762357529097,4.671911921572867,0.3658512071079663,3.747025862110553,0.0,4.166286086774071
merapi_2010_0068,merapi_kd028_pass,2010,nov10_px5an Line 031 ,nov10_px5,6,rim,"Costa et al., 2013",89,16459,89,16459,True,0.6641845086368747,9.0,5.0,0.2800051022630541,5.102263054057588e-06,True,47.15089534661339,57.14506420307286,0.9874480356729444,0.7076886964029286,7.611704429927427,17.76592037071235,0.0,9.57049533453451,6.196269763970081,0.2506366573726433,0.1687691593032293,11.86850131357766,2.151581139334958,0.0,22.1707751618066,6.628587766206339,0.377464845440728,3.50607973874296,0.00905915629057747,3.165948489383406
merapi_2010_0069,merapi_kd028_pass,2010,nov10_px5an Line 032 ,nov10_px5,6,rim,"Costa et al., 2013",90,4559,90,4559,True,0.4410467029350675,9.0,3.0,0.280006369562572,6.369562571995058e-06,True,47.26654010824784,61.27109666268227,0.8512400032312788,0.6365409998683645,7.568260764197431,16.5923690696703,0.0,9.784716051377332,4.990197656160016,0.2453752322481622,0.1580785027201301,11.73055174085144,1.675158367261772,0.0,22.19383633572987,4.674102513490619,0.3574602148800388,3.370061159347169,0.0,4.021717037138769
merapi_2010_0070,merapi_kd028_pass,2010,nov10_px5an Line 033 ,nov10_px5,6,rim,"Costa et al., 2013",91,6918,91,6918,True,0.4938913440098792,6.0,2.0,0.279989171985401,1.082801459906246e-05,True,46.9194265146488,60.54323654611538,1.133096056785506,0.6061778009325642,7.544589893627717,16.80478008879036,0.0,9.80173332529006,5.030873304396441,0.2513522752407955,0.1549563296168793,11.90504916450504,1.710853912426921,0.0,22.06470812973799,5.141148168255814,0.3730067764573405,3.568132830731742,0.0,3.796895242650972
merapi_2010_0071,merapi_kd028_pass,2010,nov10_px5an Line 034 ,nov10_px5,6,rim,"Costa et al., 2013",92,9687,92,9687,True,0.5374096027310878,6.0,4.0,0.2800279863805439,2.798638054390956e-05,True,46.97710108638585,59.46643017974777,0.9440248778320747,0.7377675222035704,7.560276240862648,16.94785642515776,0.0,9.772424377044546,5.256365329394666,0.2433261984572513,0.1620675874239492,11.78668066717822,1.775318090961752,0.0,22.30927668510965,5.546855256944921,0.3897257784419046,3.586846283401683,0.01615443641209968,3.568563562948966
merapi_2010_0072,merapi_kd028_pass,2010,nov10_px5an Line 035 ,nov10_px5,6,rim,"Costa et al., 2013",93,14424,93,14424,True,0.601246060872092,9.0,1.0,0.2800076247920927,7.624792092653099e-06,True,47.19425331423152,58.04507234981298,1.028067555842531,0.7155887709920927,7.562703040820034,17.51600602786354,0.0,9.745959361569039,5.896400651474361,0.2280110575273916,0.1848473503131395,11.76577412780726,1.993208606745637,0.0,22.07570774228697,6.180946688141503,0.3743013377993907,3.656274176772036,0.0252224621158619,3.322903596573085
merapi_2010_0073,merapi_kd028_pass,2010,nov10_px5an Line 036 ,nov10_px5,6,rim,"Costa et al., 2013",94,15711,94,15711,True,0.426257290708058,9.0,3.0,0.279957811472103,4.218852789705796e-05,True,47.01142851409249,61.52010599634843,1.206064437153206,0.631157653817733,7.360805915936707,16.52046294742258,0.0,9.914411566980725,4.920342766230533,0.3010144185906505,0.1569692968031043,11.8007685901488,1.639575041443587,0.0,21.98508975246581,4.551705337899888,0.4073728464926804,3.370327368767255,0.01304395813892819,4.07997253190096
merapi_2010_0074,merapi_kd028_pass,2010,nov10_px5an Line 037 ,nov10_px5,6,rim,"Costa et al., 2013",95,17572,95,17572,True,0.4123174826804004,7.0,1.0,0.2800034736768699,3.473676869869546e-06,True,47.10073263769754,60.97142035131751,1.158495973520092,0.669012579076697,7.252709548509497,16.34440871808841,0.0,9.84822491775486,5.508955586180631,0.2613679940258745,0.1817912391686592,11.93614144145962,1.869556902660783,0.0,22.05178921024482,4.818596244676604,0.3653097059357781,3.730677313139599,0.0,4.100946205006435
merapi_2010_0075,merapi_kd028_pass,2010,nov10_px5an Line 038 ,nov10_px5,6,rim,"Costa et al., 2013",96,19294,96,19294,True,0.500281442093,6.0,2.0,0.2800113853387882,1.138533878813908e-05,True,47.14647428812572,60.43158236230902,1.094186443743344,0.609130026246966,7.100657114723791,16.82959283964712,0.0,9.883849446375821,5.062557481084332,0.2622430319715451,0.155525048346277,12.05011755722123,1.728266929703425,0.0,22.0565480376987,5.192773770669347,0.3848240660731869,3.565378698457917,0.02110001406667605,3.772945155035436
merapi_2010_0076,merapi_kd028_pass,2010,nov10_px5an Line 039 ,nov10_px5,6,rim,"Costa et al., 2013",97,17149,97,17149,True,0.2350958208105287,6.0,6.0,0.2800314474896073,3.144748960731691e-05,True,47.29133509277354,64.20694823392705,1.157402743920866,0.5730484414628745,6.899087374337691,15.76010205488943,0.0,9.922033966597498,4.04216935961249,0.2991719886375083,0.1808773955202632,11.97292342405867,1.365905980106932,0.0,22.02389346656728,3.179607942611282,0.4009106110361223,3.687322743022557,0.02820476660555634,4.561101639400171
merapi_2010_0077,merapi_kd028_pass,2010,nov10_px5an Line 040 ,nov10_px5,6,rim,"Costa et al., 2013",98,2050,98,2050,True,0.4291623747294772,6.0,3.0,0.279950692550907,4.930744909298346e-05,True,47.46066060027148,61.40252711672308,1.039666180684732,0.6322151044015296,6.677391785229501,16.3028397835808,0.0,9.948217786938816,4.89544833073108,0.2815343622743955,0.1571871781047108,12.17032828917601,1.676606039830185,0.0,21.99085013322608,4.545706447030089,0.3951535870494194,3.365983453507575,0.03217535568850234,4.102862395918947
merapi_2010_0078,merapi_kd028_pass,2010,nov10_px5an Line 041 ,nov10_px5,6,rim,"Costa et al., 2013",99,5528,99,5528,True,0.4641824947939853,7.0,5.0,0.279996345939143,3.654060857005703e-06,True,47.90659820953108,60.28805407198432,1.031880796165864,0.6428133777926498,6.538929134807639,16.48424876512344,0.0,9.676771127432756,5.83087591256302,0.2893687140173018,0.1548107969637805,12.10827212716147,2.042856526955953,0.0,22.04426939423473,5.167542844628469,0.378791684668482,3.518811415597579,0.02009504958453485,4.041825760032745
merapi_2010_0079,merapi_kd028_pass,2010,nov10_px5an Line 042 ,nov10_px5,6,rim,"Costa et al., 2013",100,798,100,798,True,0.5748300636590601,6.0,4.0,0.2800264683941149,2.646839411485358e-05,True,47.60558562546531,58.83817806122805,1.125777178615264,0.7460374440686524,6.364313165254833,17.09525562075304,0.0,9.937825710778888,5.441122269225406,0.3058411638061128,0.1651360652200429,12.27288275418017,1.881667040919049,0.0,22.00949717298135,5.844796966853437,0.3430652528219884,3.567687007406561,0.03521197609609852,3.43358796038177
merapi_2010_0080,merapi_kd028_pass,2010,nov10_px5bn Line 020 ,nov10_px5,6,core,"Costa et al., 2013",120,4575,120,4575,True,0.9772969298648742,7.0,6.0,0.2799610569113504,3.894308864965668e-05,True,49.78682229143359,52.21781243925917,0.7589731184421397,0.8613955364187873,4.262546238900145,18.44611215585071,0.0,8.519044883231029,8.553297661892712,0.3023797284630039,0.2092053925452706,13.62724642939937,3.830437793105975,0.0,22.40936167639322,9.392472640683861,0.3285859715964642,3.21341751444986,0.0,2.057167735389293
merapi_2010_0081,merapi_kd028_pass,2010,nov10_px5bn Line 035 ,nov10_px5,6,rim,"Costa et al., 2013",135,17245,135,17245,True,0.8167967528186586,6.0,1.0,0.2800006834025761,6.834025760849016e-07,True,48.56551375915173,54.5709780865788,0.9129007826306488,0.7828405868794215,5.722797273415803,18.04469834440907,0.0,9.297652108053521,6.760185215649763,0.2716485735925271,0.193038276607109,12.79777833880333,2.605427411205352,0.0,22.00858369098712,7.809808427850243,0.4140368593789447,3.48795204512755,0.006059075990911386,2.575836778851968
merapi_2010_0082,merapi_kd028_pass,2010,nov10_px5bn Line 036 ,nov10_px5,6,rim,"Costa et al., 2013",136,4990,136,4990,True,0.3828189915396154,7.0,1.0,0.2800030942003303,3.094200330233665e-06,True,46.75992635286583,61.42926643231363,1.369876721101505,0.6589240951065485,7.274655779699007,16.23470382953583,0.0,10.03041946845981,5.349632170634871,0.2601665065642011,0.1803753115939015,11.83657540826129,1.767639615769371,0.0,22.06512167787384,4.579599469453964,0.3922510406660263,3.757314450639727,0.009005763688760805,4.207406259533529
merapi_2010_0083,merapi_kd028_pass,2010,nov10_px5bn Line 037 ,nov10_px5,6,rim,"Costa et al., 2013",137,14581,137,14581,True,0.2881996582436717,7.0,0.0,0.2800020652329865,2.065232986458998e-06,True,46.08082943278475,64.00897343788161,1.446474407368262,0.5411482421085763,8.218833358498163,15.71411784801196,0.0,10.20383512003624,4.390152312843661,0.260707635009311,0.1388199658243672,11.18526347576627,1.347483974461806,0.0,22.21047863505964,3.473464868072459,0.3814988172530072,3.449130119614715,0.004026372741456541,4.768121938659538
merapi_2010_0084,merapi_kd028_pass,2010,nov10_px5bn Line 038 ,nov10_px5,6,rim,"Costa et al., 2013",138,5241,138,5241,True,0.8593058582579766,5.0,6.0,0.2800028069195141,2.806919514097839e-06,True,46.00328716602193,56.83619924387515,1.617526207131547,0.7393393930365553,8.315126976809445,18.57727701271349,0.0,10.0669459421539,7.566864259254949,0.2395221583051051,0.1982012581729654,11.17436010502896,2.351815533967071,0.0,22.22344711471007,7.670270292526447,0.352769036499569,3.738582342646263,0.005010923813914333,2.509777739276616
merapi_2010_0085,merapi_kd028_pass,2010,nov10_px5bn Line 039 ,nov10_px5,6,rim,"Costa et al., 2013",139,16670,139,16670,True,0.3280829293667179,6.0,2.0,0.2799988743007921,1.125699207960018e-06,True,45.69869785387026,63.44040697517534,1.725142673418536,0.5295743133674237,8.242906518768589,16.16094601473097,0.0,10.43224017361948,4.208741462669303,0.2501808536291295,0.1401993807136379,11.14560726629692,1.259025982524306,0.0,22.1455268869062,3.801581986353714,0.3596977734908769,3.639596257442944,0.0,4.418345180733541
merapi_2010_0086,merapi_kd028_pass,2010,nov10_px5bn Line 040 ,nov10_px5,6,rim,"Costa et al., 2013",140,127,140,127,True,0.9077837455283392,2.0,3.0,0.2800018784026617,1.878402661636969e-06,True,45.79757964730855,56.71697791026251,1.531079300250485,0.7156549088194816,8.26501151830354,18.70732133401897,0.0,10.28498999064452,7.267085329772613,0.2193004516784532,0.1930837809146255,11.11491142474876,2.19899041969248,0.0,22.39379520556902,7.629034532464196,0.3862907038739726,3.851863115165793,0.0,2.464652787477657
merapi_2010_0087,merapi_kd028_pass,2010,nov10_px5bn Line 041 ,nov10_px5,6,rim,"Costa et al., 2013",141,4082,141,4082,True,0.7478732645134701,3.0,5.0,0.2800013188513222,1.318851322151815e-06,True,45.78739129561567,58.10150528720796,1.671988913659095,0.6883109377023644,8.063706292301822,17.95627422145943,0.0,10.56114558856018,6.800217016761962,0.2440200036151112,0.1765522135997527,11.18475226446547,2.016499827710503,0.0,22.09736699403507,6.785777999335495,0.3825992649273965,3.798739366322567,0.004016790182964794,3.010013539313245
merapi_2010_0088,merapi_kd028_pass,2010,nov10_px5bn Line 042 ,nov10_px5,6,rim,"Costa et al., 2013",142,11179,142,11179,True,0.9895269799644469,5.0,1.0,0.2800029317436675,2.931743667500264e-06,True,46.70070620335446,55.12956173085983,1.434475563758928,0.7773607989510407,8.057138271406789,19.14413864526431,0.0,10.08145413690715,8.267236925060883,0.2668325174544579,0.2015810791985779,11.22502206885483,2.577430641823383,0.0,21.84716314902496,8.63425911910288,0.3631329748816307,3.733906436473261,0.0120375571783966,2.077168748106178
merapi_2010_0089,merapi_kd028_pass,2010,nov10_px5cn Line 027 ,nov10_px5,6,core,"Costa et al., 2013",169,8360,169,8360,True,0.7451391834824194,7.0,1.0,0.2800355603519092,3.556035190921403e-05,True,49.31634742802072,55.80569473316936,0.9968678472473196,0.7828376007509874,4.528570854917079,17.58217262337112,0.0,9.095289724129623,7.306548889731392,0.3624061358069309,0.1977666808071561,13.42207766132594,3.019455878931759,0.0,21.82769144279806,7.515117664574562,0.4286632132674778,3.430139317315375,0.01606232180861744,2.899792686811948
merapi_2010_0090,merapi_kd028_pass,2010,nov10_px5cn Line 028 ,nov10_px5,6,rim,"Costa et al., 2013",170,10692,170,10692,True,0.6537165095580695,6.0,1.0,0.280010041862024,1.00418620239684e-05,True,47.54068679715947,57.12660857871549,1.182884387133115,0.7319595509821177,6.56219195719085,17.3990636613404,0.0,9.723591301373995,6.065736701847356,0.2494518095314732,0.1868412273632067,12.44643827073568,2.174080167781093,0.0,21.90046068116438,6.545610382094155,0.3852421090748154,3.610751468302774,0.0,3.177439796240281
merapi_2010_0091,merapi_kd028_pass,2010,nov10_px5cn Line 029 ,nov10_px5,6,rim,"Costa et al., 2013",171,5211,171,5211,True,0.8139897401621036,3.0,6.0,0.2799959499111569,4.050088843077226e-06,True,45.80405084283013,57.34622092712817,1.609820715318577,0.7181031375052269,8.27561101392414,18.26596675478327,0.0,10.06542424640774,7.031250772629383,0.2841454905807287,0.1953497435040526,11.4072785738121,2.231178414637846,0.0,22.20581840979645,7.262125103183355,0.3387499620802281,3.798325907661459,0.0,2.677368052401978
merapi_2010_0092,merapi_kd028_pass,2010,nov10_px5cn Line 030 ,nov10_px5,6,rim,"Costa et al., 2013",172,4070,172,4070,True,0.1195105648631947,8.0,6.0,0.2799978980475839,2.101952416122543e-06,True,45.24901505202546,66.11719954994865,1.760783917567431,0.5291238701913591,8.737246186483482,15.50485671605821,0.0,10.44954035761188,3.498505549665459,0.2040610162642691,0.1779877641215799,11.0011112233559,1.03128026298646,0.0,22.2325487422972,2.221109659068488,0.3636730982927568,3.738295840895331,0.002020406101626427,4.944101054462834
merapi_2010_0093,merapi_kd028_pass,2010,nov10_px5cn Line 031 ,nov10_px5,6,rim,"Costa et al., 2013",173,10188,173,10188,True,0.9011489774580169,4.0,5.0,0.2799935557963997,6.444203600353138e-06,True,45.25608817213016,56.1552102842381,1.659305482393938,0.7469837584709778,8.94383889136513,18.81042554947906,0.0,10.22326674500588,7.874756377064664,0.2248875562218891,0.1908068549035956,10.97896997447222,2.367865705624904,0.0,22.31553142347745,7.945916259879974,0.3859556708132421,3.745436806239809,0.005065035050042546,2.414447673389032
merapi_2010_0094,merapi_kd028_pass,2010,nov10_px5cn Line 032 ,nov10_px5,6,rim,"Costa et al., 2013",174,8753,174,8753,True,0.4533893383745369,4.0,6.0,0.2799985030544663,1.496945533752125e-06,True,45.24633282751645,62.08847681103646,1.749114820435003,0.6220295187902412,8.918563480020234,16.84124782230733,0.0,10.31664137582195,5.416662595237622,0.212443095599393,0.1863347334593634,11.06525037936267,1.626711006125192,0.0,22.1446636317653,4.652411637052846,0.3469903894790087,3.767877143742899,0.0,3.865132999167421
merapi_2010_0095,merapi_kd028_pass,2010,nov10_px5cn Line 033 ,nov10_px5,6,rim,"Costa et al., 2013",175,11365,175,11365,True,0.9076228376361865,2.0,1.0,0.2800044647547743,4.464754774224922e-06,True,45.14270645272532,56.59660929442083,1.745542325090777,0.7204160415788716,8.926506683976713,18.74009926412705,0.0,10.29271558106984,7.300953925053033,0.2231373105868511,0.1964896678301751,10.99154106740775,2.183097734073297,0.0,22.29750289064243,7.669802998354065,0.3580339574416293,3.918752563959854,0.005071302513337526,2.449532604616431
merapi_2010_0096,merapi_kd028_pass,2010,nov10_px5cn Line 034 ,nov10_px5,6,rim,"Costa et al., 2013",176,1381,176,1381,True,0.6407907871069414,5.0,3.0,0.2799976878007022,2.312199297860307e-06,True,45.23054551329954,59.92008858899622,1.654111041544645,0.6708003992805102,9.032981237250823,17.48662991246112,0.0,10.27003009310686,6.375600530609875,0.2575081291781957,0.1743408906072345,10.85371518591077,1.886610503194386,0.0,22.32544988184921,5.949117989703952,0.3645507240522691,3.603558357061643,0.009088522206289256,3.375899062749285
merapi_2010_0097,merapi_kd028_pass,2010,nov10_px5cn Line 035 ,nov10_px5,6,rim,"Costa et al., 2013",177,15978,177,15978,True,0.2353094134451089,3.0,6.0,0.279998997814827,1.002185173015757e-06,True,45.27116838313631,64.95644590378338,1.275429962964842,0.5566513263511854,9.016285322916136,15.82682917767113,0.0,10.3343310841662,4.141899901331429,0.2333722287047841,0.1808827353361277,11.04357972705596,1.239320334644916,0.0,22.43214448784942,3.037758718149295,0.3683222566079853,3.793117784721006,0.00507330931966922,4.598008056775684
merapi_2010_0098,merapi_kd028_pass,2010,nov10_px5cn Line 036 ,nov10_px5,6,rim,"Costa et al., 2013",178,8902,178,8902,True,0.6666110787636046,8.0,0.0,0.2800031271665638,3.127166563754447e-06,True,45.20963821396511,57.55828177413538,1.482646978728555,0.6759776536629691,8.981613160256991,18.4843405880273,0.0,10.34827074949318,5.82663660417201,0.226935762050289,0.1699949970887244,11.10774909982148,1.751213485814332,0.0,22.28912624688594,6.239896468003169,0.3459509617033294,3.41667778424728,0.006051620321341039,3.125897745579696
merapi_2010_0099,merapi_kd028_pass,2010,nov10_px5cn Line 037 ,nov10_px5,6,rim,"Costa et al., 2013",179,14293,179,14293,True,0.6486541125126429,2.0,6.0,0.2800024680425633,2.468042563263939e-06,True,45.03359816792053,59.90974223385382,1.772818127944234,0.6525148740156481,8.846010908104743,17.62745595436693,0.0,10.32654004158339,6.043566455647466,0.201890336383451,0.1912163528128161,11.13410138711719,1.824548867469268,0.0,22.34453941883707,5.847605705338248,0.3374883235066644,3.861703298263878,0.001004429534246025,3.271522788446423
merapi_2010_0100,merapi_kd028_pass,2010,nov10_px5cn Line 038 ,nov10_px5,6,rim,"Costa et al., 2013",180,12852,180,12852,True,0.9326016603399874,2.0,4.0,0.2800010792607041,1.079260704084373e-06,True,45.24678317649318,56.3754370338439,1.501015839002153,0.7318448009011385,8.919167517410772,18.84958055440501,0.0,10.30091071735417,7.365796679356316,0.223383501965977,0.194473336147879,11.07618287123609,2.217654706638053,0.0,22.38787866535938,7.826054875510792,0.3396237857944265,3.89743886309292,0.0,2.357604193031863
merapi_2010_0101,merapi_kd028_pass,2010,nov10_px5cn Line 039 ,nov10_px5,6,rim,"Costa et al., 2013",181,81,181,81,True,0.4519069599193807,4.0,6.0,0.2800027112246111,2.711224611040564e-06,True,45.28920451106583,62.10797157010022,1.482841406580991,0.621601111416701,8.841567978695503,16.83468829764326,0.0,10.30625214356326,5.408653304444414,0.241087820525753,0.1862976739979845,11.05271652510743,1.6241257380994,0.0,22.43831581495753,4.641516155407448,0.3470050638529667,3.767952745044111,0.0,3.870082660829188
merapi_2010_0102,merapi_kd028_pass,2010,nov10_px5cn Line 040 ,nov10_px5,6,rim,"Costa et al., 2013",182,160,182,160,True,0.8176066368296516,4.0,6.0,0.2800081154584018,8.11545840173622e-06,True,45.5215729109776,57.29865511905325,1.447296559257236,0.7272883180437693,8.755587919978964,18.45290936797121,0.0,10.14523535004147,7.384528658790607,0.2204826344640654,0.1954401659207413,11.09796306410179,2.261905974630912,0.0,22.4791148330198,7.32940878069794,0.3115075752978538,3.749302061521688,0.0,2.649011439625793
merapi_2010_0103,merapi_kd028_pass,2010,nov10_px5cn Line 041 ,nov10_px5,6,rim,"Costa et al., 2013",183,14033,183,14033,True,0.9721626672628119,2.0,0.0,0.2799970809354401,2.919064559958606e-06,True,45.70890098543401,55.87391105332591,1.801449580463745,0.7307580055312535,8.417791946106885,19.012894738722,0.0,10.15508305514621,7.569198771015302,0.194480366505268,0.1974946400536531,11.03525708499995,2.303044817219713,0.0,22.28404158270929,8.096815308351264,0.3929706374745622,3.890256933541984,0.00801980892805229,2.234863232420988
merapi_2010_0104,merapi_kd028_pass,2010,nov10_px5cn Line 042 ,nov10_px5,6,rim,"Costa et al., 2013",184,11589,184,11589,True,0.6121700584847303,8.0,2.0,0.2800003808783538,3.808783537451177e-07,True,45.56177348216169,58.58062147803871,1.515075402127938,0.6424574652654035,8.690585032099907,18.28638033476571,0.0,10.35435483708921,5.540221206458805,0.2702621241196387,0.165483135205141,11.03754533672249,1.653617973110357,0.0,22.2217756924839,5.870218980858786,0.3466187093727708,3.517154704793081,0.0,3.255639411441674
merapi_2010_0105,merapi_kd028_pass,2010,nov10_px6bn Line 022 ,nov10_px6,7,rim,"Costa et al., 2013",206,5838,206,5838,True,0.4158329417282772,7.0,3.0,0.2799975763316663,2.423668333695339e-06,True,48.11495131194432,61.69146243070372,1.068762197829432,0.6398381790409412,7.110624632128954,16.14543006813483,0.0,8.983798184653194,5.308880179728451,0.2571224997676604,0.1603458000469036,11.96910399520864,1.980427046519119,0.0,22.15590504022057,4.58186664942714,0.3263080719943,3.303981736372367,0.00103262048099462,4.187567313208841
merapi_2010_0106,merapi_kd028_pass,2010,nov10_px6bn Line 023 ,nov10_px6,7,rim,"Costa et al., 2013",207,12299,207,12299,True,0.4765864478634301,7.0,2.0,0.2799929724821653,7.027517834767849e-06,True,48.33373117598829,60.9170929636618,0.9703901279669549,0.6124805323488076,7.262877128890643,16.62320442956648,0.0,8.824841987275954,5.489687279466137,0.2542733490394695,0.1581820583384796,11.76818573370834,2.049733093197225,0.0,22.20999865079447,5.168147169040852,0.3694747439104128,3.504103273791348,0.006227102425456395,3.899880909236938
merapi_2010_0107,merapi_kd028_pass,2010,nov10_px6bn Line 024 ,nov10_px6,7,rim,"Costa et al., 2013",208,8066,208,8066,True,0.9356595121872973,7.0,3.0,0.2799979396071882,2.060392811809031e-06,True,49.92357171435313,52.9339441981806,0.8822594047826666,0.8446498478017951,5.692624926905835,18.26736212874855,0.0,7.972137016937329,8.311434838559682,0.2923766632128604,0.2045310585359203,12.63580126593966,3.688577157047459,0.0,22.20523815874514,9.029502786274517,0.3775249546046759,3.211452606830661,0.009232947259353487,2.223142703444204
merapi_2010_0108,merapi_kd028_pass,2010,nov10_px6bn Line 025 ,nov10_px6,7,rim,"Costa et al., 2013",209,2000,209,2000,True,0.7922456451919524,7.0,5.0,0.2800115110848241,1.151108482405627e-05,True,49.45064048795138,55.12171557951713,0.8180848530036141,0.7819121535613878,5.920241904584381,17.73679387334288,0.0,8.377603114935745,7.577179026551927,0.3044518313709653,0.1886013014547711,12.55604916793522,3.179923406235307,0.0,22.20945043337786,7.869142888155728,0.3634782068408462,3.323613841110788,0.0,2.779438757301367
merapi_2010_0109,merapi_kd028_pass,2010,nov10_px6bn Line 026 ,nov10_px6,7,rim,"Costa et al., 2013",210,4024,210,4024,True,0.834660662211488,6.0,6.0,0.280001245370136,1.245370135960489e-06,True,48.678794863352,54.40346351217997,1.066019097793876,0.7822965711118093,6.624547250576226,18.11938970580221,0.0,8.659861705630558,6.784173638347693,0.2901712216002634,0.1958665165552872,12.38784162001975,2.717325132624694,0.0,21.88528975963121,7.922165838092871,0.4033585775436286,3.422914647964734,0.0,2.475215556166233
merapi_2010_0110,merapi_kd028_pass,2010,nov10_px6bn Line 027 ,nov10_px6,7,rim,"Costa et al., 2013",211,16911,211,16911,True,0.6545160126021791,6.0,6.0,0.2799848953098698,1.510469013021876e-05,True,48.56580718649685,57.34900867794177,1.009630319975148,0.7194260883981605,6.87998343170757,17.41052050958957,0.0,8.779123951537745,5.960313788817849,0.3127265196230714,0.1913629003150545,12.15905560733147,2.311279092405311,0.0,21.92606399502952,6.497221659683237,0.3603603603603603,3.502358438442439,0.002071036553795175,3.101938792157019
merapi_2010_0111,merapi_kd028_pass,2010,nov10_px6bn Line 028 ,nov10_px6,7,rim,"Costa et al., 2013",212,16798,212,16798,True,0.8208956917783976,6.0,0.0,0.2800080151835502,8.015183550147409e-06,True,48.84519769348999,54.78632543927466,1.155318073507113,0.7626269388482677,6.344965598341294,18.01847832270216,0.0,8.912453709912011,6.664804111616944,0.3424692860753227,0.1838806122600558,12.38253406641016,2.592806440376832,0.0,21.62611018846126,7.756150647644435,0.3816675778550282,3.385820861644321,0.00928380594782501,2.615879919961745
merapi_2010_0112,merapi_kd028_pass,2010,nov10_px6bn Line 029 ,nov10_px6,7,rim,"Costa et al., 2013",213,13586,213,13586,True,0.7411252711995522,6.0,3.0,0.2800028263253634,2.826325363414206e-06,True,48.88285180096892,56.10009376542121,1.142455763410427,0.745769598716637,6.326891094836224,17.65114342212446,0.0,9.004328109989775,6.340873506055394,0.3119544670433534,0.1805843953399664,12.42033282029563,2.449026171490091,0.0,21.51866045512298,7.105673975463525,0.3790969847844726,3.357248492406413,0.009296656302616491,2.898997578440929
merapi_2010_0113,merapi_kd028_pass,2010,nov10_px6bn Line 030 ,nov10_px6,7,rim,"Costa et al., 2013",214,17483,214,17483,True,0.5781198003438713,7.0,6.0,0.2800353341079006,3.533410790057534e-05,True,49.6634185867736,58.68488111462894,0.8113274189191998,0.7101074043303273,5.762398454218694,16.9711526622706,0.0,8.604641499241653,6.271573247151593,0.4082607882653592,0.1952341930120355,12.77451122976876,2.607359068253622,0.0,21.53393862583366,6.095269550840377,0.4311150817560408,3.449331197996772,0.01038831522303713,3.413970798631181
merapi_2010_0114,merapi_kd028_pass,2010,nov10_px6bn Line 031 ,nov10_px6,7,rim,"Costa et al., 2013",215,18016,215,18016,True,0.9883676232589725,6.0,4.0,0.2799966796108934,3.320389106609145e-06,True,49.98868056556011,51.89529597310511,0.8201444771450329,0.837429244740233,5.238840066681759,18.72418006801709,0.0,8.841507337051597,7.482891187139484,0.3889769289345325,0.1990461451072358,12.90003910350079,3.056940785302,0.0,21.39784724937743,9.13738301638794,0.3951511659017473,3.355955776891406,0.02366790837432341,1.941957982904886
merapi_2010_0115,merapi_kd028_pass,2010,nov10_px6bn Line 032 ,nov10_px6,7,rim,"Costa et al., 2013",216,4728,216,4728,True,0.9339798995550712,7.0,2.0,0.2799866525462,1.334745380004998e-05,True,50.58766270749412,52.9936662000075,0.769398046992306,0.8375181105810949,4.907371930950926,18.28948877407912,0.0,8.431277117915686,8.28027674577846,0.4100694839958993,0.203464010055952,13.33450693286665,3.666618944927177,0.0,21.1196139547888,9.023516573349696,0.4307800639956922,3.238357678358504,0.009319760999906801,2.222161728431999
merapi_2010_0116,merapi_kd028_pass,2010,nov10_px6bn Line 033 ,nov10_px6,7,rim,"Costa et al., 2013",217,4355,217,4355,True,0.8504539301383987,7.0,2.0,0.280003212463115,3.212463115020991e-06,True,50.35463205624193,54.44058656821252,0.7404634136195349,0.7964233336280921,4.819252048754108,17.98520366749419,0.0,8.787803153209367,7.77067895954948,0.4076708681725529,0.1951949390837015,13.61641499230417,3.371354643039239,0.0,20.74025541827863,8.319476177136563,0.4617496568076875,3.28688626658959,0.0665585090893964,2.528534984252354
merapi_2010_0117,merapi_kd028_pass,2010,oct10-px4a Line 001 ,oct10-px4a,8,rim,"Costa et al., 2013",218,3892,218,3892,True,0.8668399754391689,6.0,6.0,0.2800088174441775,8.817444177466882e-06,True,48.33128583128583,53.87729956159415,0.8855446355446355,0.79352715142827,5.527231777231776,18.24601530335313,0.0,9.157452907452907,6.931340063835362,0.3593366093366093,0.1966709993859792,13.16339066339066,2.789857304639886,0.0,22.12223587223587,8.176704205723826,0.432022932022932,3.408723570831327,0.01945126945126945,2.363263725447132
merapi_2010_0118,merapi_kd028_pass,2010,oct10-px4a Line 002 ,oct10-px4a,8,rim,"Costa et al., 2013",219,7828,219,7828,True,0.2631099115815059,6.0,6.0,0.2799665652974266,3.343470257344272e-05,True,46.78667169518995,63.7488898357308,1.035603983405873,0.5828253591419456,7.278787446359587,15.87033750207323,0.0,9.843334318652085,4.170286873273579,0.2334186143700246,0.1815777477895377,12.0480699644266,1.429049740704714,0.0,22.4071676842631,3.401199400609712,0.3536954549624389,3.674968528992556,0.007135066814804245,4.463640617607941
merapi_2010_0119,merapi_kd028_pass,2010,oct10-px4a Line 008 ,oct10-px4a,8,rim,"Costa et al., 2013",225,14045,225,14045,True,0.9214681140506003,7.0,0.0,0.2800199062319113,1.990623191128194e-05,True,51.23927892763597,53.19148167578765,0.3995685891839145,0.8337182686913773,2.958245596014585,18.21932785918417,0.0,9.428380668686763,8.209438698607155,0.6594422474449181,0.20214681140506,14.84053207333984,3.618384656985453,0.0,19.89728313902727,8.9062749504401,0.5341276770581891,3.22748616008229,0.01438036053618202,2.287609397263799
merapi_2010_0120,merapi_kd028_pass,2010,oct10-px4a Line 009 ,oct10-px4a,8,core,"Costa et al., 2013",226,13348,226,13348,True,0.661825431068817,7.0,0.0,0.2800058843242761,5.884324276117514e-06,True,53.01935589810957,57.62669798648247,0.2914673946509575,0.7137633491537934,1.637964654446931,17.19218140530824,0.0,14.74065559637924,6.643515502556211,1.005767770274431,0.1761825431068817,21.29456680145323,2.687305995812778,0.0,7.815226092489583,6.678800373139381,0.1939694985529259,3.318361099125914,0.0,3.304629786503444
merapi_2010_0121,merapi_kd028_pass,2010,oct10-px4a Line 011 ,oct10-px4a,8,core,"Costa et al., 2013",227,7173,227,7173,True,0.7323073856113583,7.0,6.0,0.2800390814738258,3.908147382575278e-05,True,51.50427906409449,56.18688804571038,0.3842010042079158,0.7685444991467048,1.937267497408168,17.54087578983397,0.0,11.88075539202732,7.152920277671518,0.8558128188969976,0.2006307584963976,18.26682658101763,3.079789829513202,0.0,14.81511597178461,7.36885900514982,0.355741670562885,3.358206335103687,0.0,2.889887196306993
merapi_2010_0122,merapi_kd028_pass,2010,oct10-px4a Line 012 ,oct10-px4a,8,rim,"Costa et al., 2013",228,16050,228,16050,True,0.99390075264368,7.0,6.0,0.2799826242196712,1.737578032878773e-05,True,51.43674331347966,51.94881390641974,0.3044686151291173,0.8676883852519547,2.223543522609614,18.5074632810184,0.0,9.573846453504466,8.648206275163961,0.7299045588280522,0.2097865263425288,15.34644837873025,3.881311906100235,0.0,19.93500568956503,9.529620216836797,0.4428634401878069,3.203604655187585,0.005125734261432951,2.000731341764131
merapi_2010_0123,merapi_kd028_pass,2010,oct10-px4a Line 015 ,oct10-px4a,8,rim,"Costa et al., 2013",231,8081,231,8081,True,0.9188957375530391,7.0,1.0,0.2799973712794988,2.628720501274273e-06,True,50.63423110338835,53.10881925743928,0.616343844227526,0.8422623422431393,3.158378903255481,18.22837324795975,0.0,9.323861603720552,8.245020201225593,0.5468390657740073,0.2061069954025458,14.61951244442173,3.61978477324575,0.0,20.62758726427148,8.922893265654722,0.4691572545612511,3.273237148989606,0.004088516379618747,2.272705283171082
merapi_2010_0124,merapi_kd028_pass,2010,oct10-px4a Line 017 ,oct10-px4a,8,rim,"Costa et al., 2013",233,5508,233,5508,True,0.6778918989590543,7.0,0.0,0.2799943694425442,5.630557455782448e-06,True,48.52486941887551,57.35225058198144,0.8158113474740634,0.721186057319083,5.183224045398106,17.25574035228202,0.0,9.177108025736539,6.740413495054985,0.3447957393097928,0.1777891898959054,13.34749458691213,2.744920349667169,0.0,22.18801629570339,6.816634601169727,0.4104711182259438,3.312737835364331,0.004104711182259439,3.241697431777384
merapi_2010_0125,merapi_kd028_pass,2010,oct10-px4a Line 018 ,oct10-px4a,8,rim,"Costa et al., 2013",234,15738,234,15738,True,0.3587872312297772,6.0,6.0,0.2799929769501922,7.023049807819426e-06,True,46.82228203916411,62.18446998216191,1.419853288676105,0.6162167436991922,7.218443709289662,16.24682775488917,0.0,9.36157971520743,4.60785025547669,0.2352723611482113,0.1839696807807444,11.93416483448743,1.644706419191918,0.0,22.55532496352765,4.158006999027537,0.3904082848747611,3.632774831027668,0.04109560893418538,4.130779222551605
merapi_2010_0126,merapi_kd028_pass,2010,oct10-px7a Line 003 ,oct10-px7a,9,rim,"Costa et al., 2013",237,1018,237,1018,True,0.7327920205396589,7.0,2.0,0.2799773514750729,2.264852492711578e-05,True,48.44497482439888,56.47884382819149,1.002836834887835,0.7385336741055122,5.282165625098139,17.55656133082598,0.0,8.872698342911578,7.052815412753897,0.4553591056119085,0.1835464100334262,13.27973704320154,2.955419792607694,0.0,22.20686911827822,7.327703941128784,0.4312826471542673,3.355247836066458,0.021982853374368,2.960118868660531
merapi_2010_0127,merapi_kd028_pass,2010,Un  207  2010-Cpx1-60S,2010-Cpx1-60,28,,LI thesis,259,6010,259,6010,True,0.8785890741959793,6.0,6.0,0.2800185298718917,1.852987189171484e-05,True,46.8252,53.68519004782154,1.04579,0.7976275868943967,6.84086,18.29224800696118,0.0,8.44735,6.985072499158254,0.163803,0.1969647268548995,12.1632,2.816339773237737,0.0,22.9439,8.269639576890198,0.281247,3.403542218279573,,2.322388610872188
merapi_2010_0128,merapi_kd028_pass,2010,Un  208  2010-Cpx1-60E,2010-Cpx1-60,28,,LI thesis,260,15630,260,15630,True,0.7876756846396264,7.0,1.0,0.2800210555938312,2.105559383119848e-05,True,47.6577,55.14548569870836,0.956227,0.7973850841467522,6.56599,17.74036587117477,0.002866,8.28141,7.536291510036548,0.162458,0.1998084328627021,12.4258,3.166419490429909,0.0,23.2573,7.859748396950254,0.293536,3.391728856770418,,2.746278454135588
merapi_2010_0129,merapi_kd028_pass,2010,Un  209  2010-Cpx1-Core1,2010-Cpx1-CORE,29,core,LI thesis,261,9023,261,9023,True,0.883272851784043,7.0,6.0,0.2800248773529943,2.487735299427918e-05,True,47.0366,53.74109652824672,0.929721,0.8257604108261523,6.337,18.09869318734204,0.0,8.20302,8.015849449897216,0.168272,0.2059145498124415,12.9455,3.542348017866308,0.012937,22.8331,8.615833755736196,0.306861,3.268985744595631,,2.376755576786038
merapi_2010_0130,merapi_kd028_pass,2010,Un  210  2010-Cpx1-Core2,2010-Cpx1-CORE,29,core,LI thesis,262,8312,262,8312,True,0.8533275142819681,6.0,6.0,0.2799934040601317,6.595939868347944e-06,True,46.7661,54.09824181397555,0.981884,0.7888113024844069,6.88545,18.19284376869955,0.010654,8.61764,6.869543200926069,0.187796,0.1963331878570492,12.3631,2.759400217191556,0.0,22.7511,8.069820637970368,0.295662,3.414682566201652,,2.410273577813033
merapi_2010_0131,merapi_kd028_pass,2010,Un  211  2010-Cpx1-Core3,2010-Cpx1-CORE,29,core,LI thesis,263,16842,263,16842,True,0.9076363573974575,6.0,6.0,0.2800018738159906,1.873815990593997e-06,True,47.608,53.21023792019417,0.837699,0.8077650887317126,6.22034,18.40654906635899,0.0,8.63926,7.117915136558371,0.211307,0.1976909089349365,12.4919,2.881812349573869,0.012788,22.852,8.499403587013889,0.331233,3.390732366387721,,2.221333112614245
merapi_2010_0132,merapi_kd028_pass,2010,Un  212  2010-Cpx1-61W,2010-Cpx1-61,30,,LI thesis,264,9373,264,9373,True,0.8981526762949245,7.0,6.0,0.2800080710201749,8.071020174860166e-06,True,47.9656,53.50002849134593,0.812159,0.8313998643157764,5.79104,18.15367413890975,0.0,8.17348,8.100903568389128,0.189253,0.2064353436703223,12.9285,3.587939800167649,0.012816,22.6469,8.738741106196077,0.2812,3.2601917683097,,2.326179053273552
merapi_2010_0133,merapi_kd028_pass,2010,Un  213  2010-Cpx1-61E,2010-Cpx1-61,30,,LI thesis,265,11782,265,11782,True,0.633827118027082,7.0,2.0,0.279988138916497,1.18610835029842e-05,True,46.9625,58.19321283441685,1.0081,0.6898429420693244,6.94377,17.19603219097266,0.0,8.55986,6.449023614981489,0.149663,0.1737488846846811,12.352,2.605578862225735,0.00404,22.9998,6.493528777850274,0.287231,3.412746444426265,,3.323122131076663
merapi_2010_0134,merapi_kd028_pass,2010,Un  214  2010-Cpx1-61N,2010-Cpx1-61,30,,LI thesis,266,18560,266,18560,True,0.7298434463741637,7.0,0.0,0.2799839428361771,1.605716382291345e-05,True,46.7411,56.46481424903654,1.02367,0.7451876722248636,6.74529,17.46126067385619,0.006587,8.43943,7.053736914123827,0.182923,0.1829843446374164,12.5259,2.931218598697751,0.015325,22.7029,7.26232692644395,0.296788,3.294554793769043,,3.038203220552401
merapi_2010_0135,merapi_kd028_pass,2010,Un  216  2010-Cpx1-62W,2010-Cpx1-62,31,,LI thesis,267,9894,267,9894,True,0.6820843527958647,6.0,5.0,0.27995379187536,4.620812464006807e-05,True,45.429,56.75422295925134,1.21078,0.7147412350015706,7.72151,17.47989830364562,0.0,9.22201,6.211333590017021,0.185974,0.1704338448100154,11.9094,2.245616041025816,0.000866,22.7227,6.723235121795393,0.308323,3.49147246300584,,3.148772662217844
merapi_2010_0136,merapi_kd028_pass,2010,Un  219  2010-Cpx1-RIM3,2010-Cpx1-RIM,32,rim,LI thesis,268,17348,268,17348,True,0.3175559804265721,6.0,3.0,0.2799836140156229,1.638598437708749e-05,True,44.675,63.29950100068956,1.52627,0.5915903768752722,8.16189,15.82047694740364,0.0,9.79846,4.378339745453967,0.236565,0.1488166985319929,11.1925,1.400268607536192,0.0,22.4604,3.629864375380451,0.343847,3.369108432548056,,4.533551471533858
merapi_2010_0137,merapi_kd028_pass,2010,Un  220  2010-Cpx1-Core4,2010-Cpx1-CORE,29,core,LI thesis,269,17822,269,17822,True,0.617494114186644,7.0,2.0,0.2799927645626315,7.235437368524611e-06,True,46.4657,58.47614945994476,1.01031,0.6818071041798288,6.91813,17.13653105798194,0.0,8.61153,6.349374815240709,0.186045,0.1721319173044778,12.3417,2.547841693649787,0.003416,22.8137,6.355857888479223,0.295711,3.42223591965756,,3.38303158916339
merapi_2010_0138,merapi_kd028_pass,2010,Un  221  2010-Cpx1-Core5,2010-Cpx1-CORE,29,core,LI thesis,270,15694,270,15694,True,0.6637274143366922,7.0,3.0,0.2799967501740619,3.249825938078654e-06,True,46.2984,57.51518425066975,0.973492,0.7375086012486567,6.78574,17.15733530532238,0.0,8.43405,6.740736006127738,0.156597,0.1814168302186188,12.4899,2.79500828351037,0.016669,22.7773,6.70285175706474,0.308699,3.259856520248069,,3.25077410122164
merapi_2010_0139,merapi_kd028_pass,2010,Un  222  2010-Cpx1-Rim4,2010-Cpx1-RIM,32,rim,LI thesis,271,11854,271,11854,True,0.8843399115892775,8.0,1.0,0.2800003101259549,3.10125954861018e-07,True,44.9196,53.66284703045461,1.49764,0.7773838550681763,8.16568,19.78894936233604,0.0,9.72675,6.936403802335775,0.207163,0.1956049166403925,11.1971,2.235788320968287,0.0,22.5145,8.006197227352047,0.319934,3.437092046573274,,2.185175680292871
merapi_2010_0140,merapi_kd028_pass,2010,Un  253  2010-Cpx6-52N,2010-Cpx6-52,34,,LI thesis,273,7367,273,7367,True,0.6235671027025814,7.0,6.0,0.2799907355838421,9.264416157950262e-06,True,48.355,57.94858936911548,0.688104,0.7273319319242784,4.35411,17.13908044448604,0.003918,8.89761,6.531353208745145,0.343735,0.1968248485945903,13.3636,2.74660960268071,0.00725,21.7935,6.470664268323323,0.458843,3.422471842302774,,3.259495417913925
merapi_2010_0141,merapi_kd028_pass,2010,Un  273  2010-Pair1-cpx-E2,2010-Pair1-cpx,36,,LI thesis,277,6618,277,6618,True,0.6874524404918596,9.0,4.0,0.2799872793048427,1.272069515728669e-05,True,47.6732,57.05735336706087,1.18999,0.770926989348701,5.89285,17.91009948096304,0.0,9.57531,6.059032403894489,0.378436,0.1743711001203325,12.1557,2.153618165043435,0.010384,21.7154,6.789618002030617,0.34636,3.516898874873086,,2.972362851906514
merapi_2010_0142,merapi_kd028_pass,2010,Un  279  2010-CpxBottom-50E,2010-CpxBottom-50,38,,LI thesis,283,2147,283,2147,True,0.9124763695257383,7.0,0.0,0.2799921576202294,7.842379770583996e-06,True,49.427,53.34507865576134,0.731132,0.829564082720891,3.59293,18.18375651784382,0.0,9.08241,8.155208857955595,0.526534,0.2012476369525738,14.2642,3.586140261119298,0.0,20.6085,8.829134774161307,0.385187,3.230633270665991,,2.322830060567683
merapi_2010_0143,merapi_kd028_pass,2010,Un  281  2010-CpxBottom-49N,2010-CpxBottom-49,39,rim,LI thesis,285,15424,285,15424,True,0.9289779793323514,6.0,0.0,0.2800310738358642,3.107383586420376e-05,True,48.0502,52.92385146014492,0.823322,0.8093184870715757,5.18913,18.47199160127855,0.0,9.02364,7.193145351841838,0.400788,0.1936080181399116,12.9593,2.892842870626608,0.0,21.7187,8.645559791925919,0.353965,3.36420440413353,,2.183875016608591
merapi_2010_0144,merapi_kd028_pass,2010,Un  286  2010-CpxBottom-R2,2010-CpxBottom,40,rim,LI thesis,290,10807,290,10807,True,0.9675238085125817,6.0,2.0,0.2799972476730776,2.752326922428328e-06,True,49.0963,52.26745649385966,0.822107,0.8249959995328127,4.94623,18.64389494845435,0.003184,8.86761,7.379296520319339,0.363341,0.1971096189576198,12.8818,3.001502378196785,0.020051,21.9832,8.967624848973147,0.34854,3.363997238531077,,2.021720765694844
merapi_2010_0145,merapi_kd028_pass,2010,Un  287  2010-CpxSkull-56N,2010-CpxSkull-56,41,rim,LI thesis,291,2157,291,2157,True,0.5371477994703119,7.0,5.0,0.2799892466082562,1.075339174383405e-05,True,47.2316,59.13899645394153,1.16056,0.6737506669754122,5.63189,16.76283029837765,0.0,9.43233,6.219275336926434,0.350901,0.1623262233454421,12.4355,2.295754272964101,0.011468,22.0067,5.768412128638019,0.347583,3.475397059315164,,3.76105526763824
merapi_2010_0146,merapi_kd028_pass,2010,Un  297  2010-CpxSkull-Rim1,2010-CpxSkull,44,rim,LI thesis,299,19222,299,19222,True,0.2381836689047583,6.0,6.0,0.2800106561710371,1.065617103707117e-05,True,46.3133,64.1564588297383,1.41578,0.5741261004477606,6.61839,15.77225273714022,0.001448,9.86352,4.056291089410185,0.289912,0.1809545917226189,11.9222,1.372865989711325,0.0,21.776,3.204032821036638,0.376925,3.685961002013002,,4.550359015880345
merapi_2010_0147,merapi_kd028_pass,2010,Un  300  2010-CpxSkull-Rim2,2010-CpxSkull,44,rim,LI thesis,302,10692,302,10692,True,0.6537165095580695,6.0,1.0,0.2799953129372731,4.687062726937974e-06,True,47.0825,57.12660857871549,1.29791,0.7319595509821177,6.20548,17.3990636613404,0.0,9.60923,6.065736701847356,0.331092,0.1868412273632067,12.3007,2.174080167781093,0.003883,21.8851,6.545610382094155,0.361091,3.610751468302774,,3.177439796240281
merapi_2010_0148,merapi_kd028_pass,2010,Un  301  2010-CpxSkull-Rim3,2010-CpxSkull,44,rim,LI thesis,303,9366,303,9366,True,0.1855460849493311,6.0,6.0,0.2799988713753707,1.128624629309627e-06,True,46.0479,65.01713596499349,1.52149,0.5557555836473165,7.01878,15.56512384427562,0.006623,9.96477,3.815562363404815,0.298006,0.1796386521237333,11.6984,1.254220875475792,0.005107,21.9922,2.787669531949209,0.357622,3.709174176537345,,4.733485170461276
